id,airp_id,flying_height,photo_year,photo_date,photo_time,latitude,longitude,film_roll,frame_number,georef_metadata_ind,published_ind,media,photo_tag,bcgs_tile,nts_tile,scale,ground_sample_distance,operation_tag,focal_length,thumbnail_image_url,flight_log_url,camera_calibration_url,patb_georef_url,flight_line_segment_id,operation_id,film_record_id,objectid,se_anno_cad_data,area_ha,localcode_ltree,refine_method,wscode_ltree,geometry
WHSE_IMAGERY_AND_BASE_MAPS.AIMG_PHOTO_CENTROIDS_SP.1265167,1265167,7315,1975,1975-07-05,12:40:00,54.43797,-126.5654,bc7727,88,N,Y,Film - BW,bc7727_088,093l04813,093L07,1:20000,,B-009-FI-75,305,https://openmaps.gov.bc.ca/thumbs/1975/bc7727/bc7727_088_thumb.jpg,https://openmaps.gov.bc.ca/thumbs/logbooks/1975/roll_pages/bc7727_7728_1.jpg,,,77563,1389,14969,19478837,,231944.69,400.431358.585806,CUT,400.431358,"c(-126.5654, 54.43797)"
WHSE_IMAGERY_AND_BASE_MAPS.AIMG_PHOTO_CENTROIDS_SP.1265168,1265168,7315,1975,1975-07-05,12:40:00,54.43808,-126.5962,bc7727,89,N,Y,Film - BW,bc7727_089,093l04813,093L07,1:20000,,B-009-FI-75,305,https://openmaps.gov.bc.ca/thumbs/1975/bc7727/bc7727_089_thumb.jpg,https://openmaps.gov.bc.ca/thumbs/logbooks/1975/roll_pages/bc7727_7728_1.jpg,,,77563,1389,14969,19478838,,231944.69,400.431358.585806,CUT,400.431358,"c(-126.5962, 54.43808)"
WHSE_IMAGERY_AND_BASE_MAPS.AIMG_PHOTO_CENTROIDS_SP.1265318,1265318,7315,1975,1975-07-05,12:40:00,54.4672,-126.5188,bc7728,79,N,Y,Film - BW,bc7728_079,093l04832,093L07,1:20000,,B-009-FI-75,305,https://openmaps.gov.bc.ca/thumbs/1975/bc7728/bc7728_079_thumb.jpg,https://openmaps.gov.bc.ca/thumbs/logbooks/1975/roll_pages/bc7727_7728_1.jpg,,,77564,1389,14972,19478988,,231944.69,400.431358.585806,CUT,400.431358,"c(-126.5188, 54.4672)"
WHSE_IMAGERY_AND_BASE_MAPS.AIMG_PHOTO_CENTROIDS_SP.1265319,1265319,7315,1975,1975-07-05,12:40:00,54.46719,-126.4937,bc7728,80,N,Y,Film - BW,bc7728_080,093l04841,093L08,1:20000,,B-009-FI-75,305,https://openmaps.gov.bc.ca/thumbs/1975/bc7728/bc7728_080_thumb.jpg,https://openmaps.gov.bc.ca/thumbs/logbooks/1975/roll_pages/bc7727_7728_1.jpg,,,77564,1389,14972,19478989,,231944.69,400.431358.585806,CUT,400.431358,"c(-126.4937, 54.46719)"
WHSE_IMAGERY_AND_BASE_MAPS.AIMG_PHOTO_CENTROIDS_SP.1265343,1265343,7315,1975,1975-07-05,12:40:00,54.49571,-126.2767,bc7728,104,N,Y,Film - BW,bc7728_104,093l04943,093L08,1:20000,,B-009-FI-75,305,https://openmaps.gov.bc.ca/thumbs/1975/bc7728/bc7728_104_thumb.jpg,https://openmaps.gov.bc.ca/thumbs/logbooks/1975/roll_pages/bc7727_7728_1.jpg,,,77565,1389,14972,19479013,,231944.69,400.431358.585806,CUT,400.431358,"c(-126.2767, 54.49571)"
WHSE_IMAGERY_AND_BASE_MAPS.AIMG_PHOTO_CENTROIDS_SP.1265344,1265344,7315,1975,1975-07-05,12:40:00,54.49574,-126.3036,bc7728,105,N,Y,Film - BW,bc7728_105,093l04934,093L08,1:20000,,B-009-FI-75,305,https://openmaps.gov.bc.ca/thumbs/1975/bc7728/bc7728_105_thumb.jpg,https://openmaps.gov.bc.ca/thumbs/logbooks/1975/roll_pages/bc7727_7728_1.jpg,,,77565,1389,14972,19479014,,231944.69,400.431358.585806,CUT,400.431358,"c(-126.3036, 54.49574)"
WHSE_IMAGERY_AND_BASE_MAPS.AIMG_PHOTO_CENTROIDS_SP.1265351,1265351,7315,1975,1975-07-05,12:40:00,54.49571,-126.491,bc7728,112,N,Y,Film - BW,bc7728_112,093l04843,093L08,1:20000,,B-009-FI-75,305,https://openmaps.gov.bc.ca/thumbs/1975/bc7728/bc7728_112_thumb.jpg,https://openmaps.gov.bc.ca/thumbs/logbooks/1975/roll_pages/bc7727_7728_1.jpg,,,77565,1389,14972,19479021,,231944.69,400.431358.585806,CUT,400.431358,"c(-126.491, 54.49571)"
WHSE_IMAGERY_AND_BASE_MAPS.AIMG_PHOTO_CENTROIDS_SP.1265493,1265493,7315,1975,1975-07-05,03:45:00,54.52463,-126.4592,bc7735,77,N,Y,Film - BW,bc7735_077,093l05821,093L09,1:20000,,B-009-FI-75,305,https://openmaps.gov.bc.ca/thumbs/1975/bc7735/bc7735_077_thumb.jpg,https://openmaps.gov.bc.ca/thumbs/logbooks/1975/roll_pages/bc7735_7736_1.jpg,,,77566,1389,14993,19479163,,231944.69,400.431358.585806,CUT,400.431358,"c(-126.4592, 54.52463)"
WHSE_IMAGERY_AND_BASE_MAPS.AIMG_PHOTO_CENTROIDS_SP.1265495,1265495,7315,1975,1975-07-05,03:45:00,54.52466,-126.4038,bc7735,79,N,Y,Film - BW,bc7735_079,093l05822,093L09,1:20000,,B-009-FI-75,305,https://openmaps.gov.bc.ca/thumbs/1975/bc7735/bc7735_079_thumb.jpg,https://openmaps.gov.bc.ca/thumbs/logbooks/1975/roll_pages/bc7735_7736_1.jpg,,,77566,1389,14993,19479165,,231944.69,400.431358.585806,CUT,400.431358,"c(-126.4038, 54.52466)"
WHSE_IMAGERY_AND_BASE_MAPS.AIMG_PHOTO_CENTROIDS_SP.1265497,1265497,7315,1975,1975-07-05,03:45:00,54.52466,-126.3484,bc7735,81,N,Y,Film - BW,bc7735_081,093l05912,093L09,1:20000,,B-009-FI-75,305,https://openmaps.gov.bc.ca/thumbs/1975/bc7735/bc7735_081_thumb.jpg,https://openmaps.gov.bc.ca/thumbs/logbooks/1975/roll_pages/bc7735_7736_1.jpg,,,77566,1389,14993,19479167,,231944.69,400.431358.585806,CUT,400.431358,"c(-126.3484, 54.52466)"
WHSE_IMAGERY_AND_BASE_MAPS.AIMG_PHOTO_CENTROIDS_SP.1265498,1265498,7315,1975,1975-07-05,03:45:00,54.52465,-126.3207,bc7735,82,N,Y,Film - BW,bc7735_082,093l05912,093L09,1:20000,,B-009-FI-75,305,https://openmaps.gov.bc.ca/thumbs/1975/bc7735/bc7735_082_thumb.jpg,https://openmaps.gov.bc.ca/thumbs/logbooks/1975/roll_pages/bc7735_7736_1.jpg,,,77566,1389,14993,19479168,,231944.69,400.431358.585806,CUT,400.431358,"c(-126.3207, 54.52465)"
WHSE_IMAGERY_AND_BASE_MAPS.AIMG_PHOTO_CENTROIDS_SP.1267359,1267359,7315,1975,1975-07-05,12:40:00,54.41326,-126.201,bc7727,11,N,Y,Film - BW,bc7727_011,093l04922,093L08,1:20000,,B-010-FI-75,305,https://openmaps.gov.bc.ca/thumbs/1975/bc7727/bc7727_011_thumb.jpg,https://openmaps.gov.bc.ca/thumbs/logbooks/1975/roll_pages/bc7727_7728_1.jpg,,,77597,5298,14968,19481029,,231944.69,400.431358.585806,CUT,400.431358,"c(-126.201, 54.41326)"
WHSE_IMAGERY_AND_BASE_MAPS.AIMG_PHOTO_CENTROIDS_SP.1267363,1267363,7315,1975,1975-07-05,12:40:00,54.41105,-126.0921,bc7727,15,N,Y,Film - BW,bc7727_015,093l05021,093L08,1:20000,,B-010-FI-75,305,https://openmaps.gov.bc.ca/thumbs/1975/bc7727/bc7727_015_thumb.jpg,https://openmaps.gov.bc.ca/thumbs/logbooks/1975/roll_pages/bc7727_7728_1.jpg,,,77597,5298,14968,19481033,,231944.69,400.431358.585806,CUT,400.431358,"c(-126.0921, 54.41105)"
WHSE_IMAGERY_AND_BASE_MAPS.AIMG_PHOTO_CENTROIDS_SP.1267506,1267506,7315,1975,1975-07-05,08:50:00,54.17698,-126.4302,bc7739,74,N,Y,Film - BW,bc7739_074,093l01844,093L01,1:20000,,B-010-FI-75,305,https://openmaps.gov.bc.ca/thumbs/1975/bc7739/bc7739_074_thumb.jpg,https://openmaps.gov.bc.ca/thumbs/logbooks/1975/roll_pages/bc7739_7740_1.jpg,,,77600,5298,14998,19481176,,231944.69,400.431358.585806,CUT,400.431358,"c(-126.4302, 54.17698)"
WHSE_IMAGERY_AND_BASE_MAPS.AIMG_PHOTO_CENTROIDS_SP.1267507,1267507,7315,1975,1975-07-05,08:50:00,54.17692,-126.4551,bc7739,75,N,Y,Film - BW,bc7739_075,093l01843,093L01,1:20000,,B-010-FI-75,305,https://openmaps.gov.bc.ca/thumbs/1975/bc7739/bc7739_075_thumb.jpg,https://openmaps.gov.bc.ca/thumbs/logbooks/1975/roll_pages/bc7739_7740_1.jpg,,,77600,5298,14998,19481177,,231944.69,400.431358.585806,CUT,400.431358,"c(-126.4551, 54.17692)"
WHSE_IMAGERY_AND_BASE_MAPS.AIMG_PHOTO_CENTROIDS_SP.1267529,1267529,7315,1975,1975-07-05,08:50:00,54.20894,-126.5845,bc7739,97,N,Y,Film - BW,bc7739_097,093l02811,093L02,1:20000,,B-010-FI-75,305,https://openmaps.gov.bc.ca/thumbs/1975/bc7739/bc7739_097_thumb.jpg,https://openmaps.gov.bc.ca/thumbs/logbooks/1975/roll_pages/bc7739_7740_1.jpg,,,77601,5298,14998,19481199,,231944.69,400.431358.585806,CUT,400.431358,"c(-126.5845, 54.20894)"
WHSE_IMAGERY_AND_BASE_MAPS.AIMG_PHOTO_CENTROIDS_SP.1267535,1267535,7315,1975,1975-07-05,08:50:00,54.2086,-126.4077,bc7739,103,N,Y,Film - BW,bc7739_103,093l02822,093L01,1:20000,,B-010-FI-75,305,https://openmaps.gov.bc.ca/thumbs/1975/bc7739/bc7739_103_thumb.jpg,https://openmaps.gov.bc.ca/thumbs/logbooks/1975/roll_pages/bc7739_7740_1.jpg,,,77601,5298,14998,19481205,,231944.69,400.431358.585806,CUT,400.431358,"c(-126.4077, 54.2086)"
WHSE_IMAGERY_AND_BASE_MAPS.AIMG_PHOTO_CENTROIDS_SP.1267548,1267548,7315,1975,1975-07-05,08:50:00,54.20869,-126.052,bc7739,116,N,Y,Film - BW,bc7739_116,093l03021,093L01,1:20000,,B-010-FI-75,305,https://openmaps.gov.bc.ca/thumbs/1975/bc7739/bc7739_116_thumb.jpg,https://openmaps.gov.bc.ca/thumbs/logbooks/1975/roll_pages/bc7739_7740_1.jpg,,,77601,5298,14998,19481218,,231944.69,400.431358.585806,CUT,400.431358,"c(-126.052, 54.20869)"
WHSE_IMAGERY_AND_BASE_MAPS.AIMG_PHOTO_CENTROIDS_SP.1267632,1267632,7315,1975,1975-07-05,08:50:00,54.23759,-126.0642,bc7739,200,N,Y,Film - BW,bc7739_200,093l03023,093L01,1:20000,,B-010-FI-75,305,https://openmaps.gov.bc.ca/thumbs/1975/bc7739/bc7739_200_thumb.jpg,https://openmaps.gov.bc.ca/thumbs/logbooks/1975/roll_pages/bc7739_7740_1.jpg,,,77602,5298,14998,19481302,,231944.69,400.431358.585806,CUT,400.431358,"c(-126.0642, 54.23759)"
WHSE_IMAGERY_AND_BASE_MAPS.AIMG_PHOTO_CENTROIDS_SP.1267653,1267653,7315,1975,1975-07-05,08:50:00,54.2378,-126.6187,bc7739,221,N,Y,Film - BW,bc7739_221,093l02724,093L02,1:20000,,B-010-FI-75,305,https://openmaps.gov.bc.ca/thumbs/1975/bc7739/bc7739_221_thumb.jpg,https://openmaps.gov.bc.ca/thumbs/logbooks/1975/roll_pages/bc7739_7740_1.jpg,,,77602,5298,14998,19481323,,231944.69,400.431358.585806,CUT,400.431358,"c(-126.6187, 54.2378)"
WHSE_IMAGERY_AND_BASE_MAPS.AIMG_PHOTO_CENTROIDS_SP.1267654,1267654,7315,1975,1975-07-05,08:50:00,54.23826,-126.6451,bc7739,222,N,Y,Film - BW,bc7739_222,093l02724,093L02,1:20000,,B-010-FI-75,305,https://openmaps.gov.bc.ca/thumbs/1975/bc7739/bc7739_222_thumb.jpg,https://openmaps.gov.bc.ca/thumbs/logbooks/1975/roll_pages/bc7739_7740_1.jpg,,,77602,5298,14998,19481324,,231944.69,400.431358.585806,CUT,400.431358,"c(-126.6451, 54.23826)"
WHSE_IMAGERY_AND_BASE_MAPS.AIMG_PHOTO_CENTROIDS_SP.1267669,1267669,7315,1975,1975-07-05,08:50:00,54.26693,-126.6362,bc7739,237,N,Y,Film - BW,bc7739_237,093l02742,093L07,1:20000,,B-010-FI-75,305,https://openmaps.gov.bc.ca/thumbs/1975/bc7739/bc7739_237_thumb.jpg,https://openmaps.gov.bc.ca/thumbs/logbooks/1975/roll_pages/bc7739_7740_1.jpg,,,77603,5298,14998,19481339,,231944.69,400.431358.585806,CUT,400.431358,"c(-126.6362, 54.26693)"
WHSE_IMAGERY_AND_BASE_MAPS.AIMG_PHOTO_CENTROIDS_SP.1267691,1267691,7315,1975,1975-07-05,08:50:00,54.26654,-126.0717,bc7739,259,N,Y,Film - BW,bc7739_259,093l03041,093L08,1:20000,,B-010-FI-75,305,https://openmaps.gov.bc.ca/thumbs/1975/bc7739/bc7739_259_thumb.jpg,https://openmaps.gov.bc.ca/thumbs/logbooks/1975/roll_pages/bc7739_7740_1.jpg,,,77603,5298,14998,19481361,,231944.69,400.431358.585806,CUT,400.431358,"c(-126.0717, 54.26654)"
WHSE_IMAGERY_AND_BASE_MAPS.AIMG_PHOTO_CENTROIDS_SP.1267788,1267788,7315,1975,1975-07-05,08:50:00,54.29438,-126.0822,bc7740,52,N,Y,Film - BW,bc7740_052,093l03043,093L08,1:20000,,B-010-FI-75,305,https://openmaps.gov.bc.ca/thumbs/1975/bc7740/bc7740_052_thumb.jpg,https://openmaps.gov.bc.ca/thumbs/logbooks/1975/roll_pages/bc7739_7740_1.jpg,,,77604,5298,14999,19481458,,231944.69,400.431358.585806,CUT,400.431358,"c(-126.0822, 54.29438)"
WHSE_IMAGERY_AND_BASE_MAPS.AIMG_PHOTO_CENTROIDS_SP.1267812,1267812,7315,1975,1975-07-05,08:50:00,54.32335,-126.1284,bc7740,76,N,Y,Film - BW,bc7740_076,093l04012,093L08,1:20000,,B-010-FI-75,305,https://openmaps.gov.bc.ca/thumbs/1975/bc7740/bc7740_076_thumb.jpg,https://openmaps.gov.bc.ca/thumbs/logbooks/1975/roll_pages/bc7739_7740_1.jpg,,,77605,5298,14999,19481482,,231944.69,400.431358.585806,CUT,400.431358,"c(-126.1284, 54.32335)"
WHSE_IMAGERY_AND_BASE_MAPS.AIMG_PHOTO_CENTROIDS_SP.1267813,1267813,7315,1975,1975-07-05,08:50:00,54.32325,-126.1035,bc7740,77,N,Y,Film - BW,bc7740_077,093l04012,093L08,1:20000,,B-010-FI-75,305,https://openmaps.gov.bc.ca/thumbs/1975/bc7740/bc7740_077_thumb.jpg,https://openmaps.gov.bc.ca/thumbs/logbooks/1975/roll_pages/bc7739_7740_1.jpg,,,77605,5298,14999,19481483,,231944.69,400.431358.585806,CUT,400.431358,"c(-126.1035, 54.32325)"
WHSE_IMAGERY_AND_BASE_MAPS.AIMG_PHOTO_CENTROIDS_SP.1267911,1267911,7315,1975,1975-07-05,08:50:00,54.35198,-126.1794,bc7740,175,N,Y,Film - BW,bc7740_175,093l04031,093L08,1:20000,,B-010-FI-75,305,https://openmaps.gov.bc.ca/thumbs/1975/bc7740/bc7740_175_thumb.jpg,https://openmaps.gov.bc.ca/thumbs/logbooks/1975/roll_pages/bc7739_7740_1.jpg,,,77606,5298,14999,19481581,,231944.69,400.431358.585806,CUT,400.431358,"c(-126.1794, 54.35198)"
WHSE_IMAGERY_AND_BASE_MAPS.AIMG_PHOTO_CENTROIDS_SP.1267931,1267931,7315,1975,1975-07-05,08:50:00,54.3821,-126.1337,bc7740,195,N,Y,Film - BW,bc7740_195,093l04034,093L08,1:20000,,B-010-FI-75,305,https://openmaps.gov.bc.ca/thumbs/1975/bc7740/bc7740_195_thumb.jpg,https://openmaps.gov.bc.ca/thumbs/logbooks/1975/roll_pages/bc7739_7740_1.jpg,,,77607,5298,14999,19481601,,231944.69,400.431358.585806,CUT,400.431358,"c(-126.1337, 54.3821)"
WHSE_IMAGERY_AND_BASE_MAPS.AIMG_PHOTO_CENTROIDS_SP.1267932,1267932,7315,1975,1975-07-05,08:50:00,54.38186,-126.1067,bc7740,196,N,Y,Film - BW,bc7740_196,093l04034,093L08,1:20000,,B-010-FI-75,305,https://openmaps.gov.bc.ca/thumbs/1975/bc7740/bc7740_196_thumb.jpg,https://openmaps.gov.bc.ca/thumbs/logbooks/1975/roll_pages/bc7739_7740_1.jpg,,,77607,5298,14999,19481602,,231944.69,400.431358.585806,CUT,400.431358,"c(-126.1067, 54.38186)"
WHSE_IMAGERY_AND_BASE_MAPS.AIMG_PHOTO_CENTROIDS_SP.1267933,1267933,7315,1975,1975-07-05,08:50:00,54.38161,-126.0797,bc7740,197,N,Y,Film - BW,bc7740_197,093l04043,093L08,1:20000,,B-010-FI-75,305,https://openmaps.gov.bc.ca/thumbs/1975/bc7740/bc7740_197_thumb.jpg,https://openmaps.gov.bc.ca/thumbs/logbooks/1975/roll_pages/bc7739_7740_1.jpg,,,77607,5298,14999,19481603,,231944.69,400.431358.585806,CUT,400.431358,"c(-126.0797, 54.38161)"
WHSE_IMAGERY_AND_BASE_MAPS.AIMG_PHOTO_CENTROIDS_SP.1268030,1268030,7315,1975,1975-09-18,10:25:00,54.4665,-126.2526,bc7824,158,N,Y,Film - BW,bc7824_158,093l04941,093L08,1:20000,,B-010-FI-75,305,https://openmaps.gov.bc.ca/thumbs/1975/bc7824/bc7824_158_thumb.jpg,https://openmaps.gov.bc.ca/thumbs/logbooks/1975/roll_pages/bc7823_7824_4.jpg,,,77609,5298,15169,19481700,,231944.69,400.431358.585806,CUT,400.431358,"c(-126.2526, 54.4665)"
WHSE_IMAGERY_AND_BASE_MAPS.AIMG_PHOTO_CENTROIDS_SP.1284856,1284856,1554,1975,1975-09-12,02:15:00,54.41015,-126.7324,bc5688,126,N,Y,Film - BW,bc5688_126,093l04712,093L07,1:8000,,B-091-H-75,153,https://openmaps.gov.bc.ca/thumbs/1975/bc5688/bc5688_126_thumb.jpg,https://openmaps.gov.bc.ca/thumbs/logbooks/1975/roll_pages/bc5688_4.jpg,,,78132,5259,14921,19498020,,231944.69,400.431358.585806,CUT,400.431358,"c(-126.7324, 54.41015)"
WHSE_IMAGERY_AND_BASE_MAPS.AIMG_PHOTO_CENTROIDS_SP.1284857,1284857,1554,1975,1975-09-12,02:15:00,54.40583,-126.7298,bc5688,127,N,Y,Film - BW,bc5688_127,093l04712,093L07,1:8000,,B-091-H-75,153,https://openmaps.gov.bc.ca/thumbs/1975/bc5688/bc5688_127_thumb.jpg,https://openmaps.gov.bc.ca/thumbs/logbooks/1975/roll_pages/bc5688_4.jpg,,,78132,5259,14921,19498021,,231944.69,400.431358.585806,CUT,400.431358,"c(-126.7298, 54.40583)"
WHSE_IMAGERY_AND_BASE_MAPS.AIMG_PHOTO_CENTROIDS_SP.1284858,1284858,1554,1975,1975-09-12,02:15:00,54.40152,-126.7271,bc5688,128,N,Y,Film - BW,bc5688_128,093l04712,093L07,1:8000,,B-091-H-75,153,https://openmaps.gov.bc.ca/thumbs/1975/bc5688/bc5688_128_thumb.jpg,https://openmaps.gov.bc.ca/thumbs/logbooks/1975/roll_pages/bc5688_4.jpg,,,78132,5259,14921,19498022,,231944.69,400.431358.585806,CUT,400.431358,"c(-126.7271, 54.40152)"
WHSE_IMAGERY_AND_BASE_MAPS.AIMG_PHOTO_CENTROIDS_SP.1284859,1284859,1554,1975,1975-09-12,02:15:00,54.39721,-126.7244,bc5688,129,N,Y,Film - BW,bc5688_129,093l03734,093L07,1:8000,,B-091-H-75,153,https://openmaps.gov.bc.ca/thumbs/1975/bc5688/bc5688_129_thumb.jpg,https://openmaps.gov.bc.ca/thumbs/logbooks/1975/roll_pages/bc5688_4.jpg,,,78132,5259,14921,19498023,,231944.69,400.431358.585806,CUT,400.431358,"c(-126.7244, 54.39721)"
WHSE_IMAGERY_AND_BASE_MAPS.AIMG_PHOTO_CENTROIDS_SP.1284880,1284880,1494,1975,1975-09-12,02:15:00,54.3857,-126.6407,bc5688,150,N,Y,Film - BW,bc5688_150,093l03744,093L07,1:8000,,B-091-H-75,153,https://openmaps.gov.bc.ca/thumbs/1975/bc5688/bc5688_150_thumb.jpg,https://openmaps.gov.bc.ca/thumbs/logbooks/1975/roll_pages/bc5688_4.jpg,,,78134,5259,14921,19498044,,231944.69,400.431358.585806,CUT,400.431358,"c(-126.6407, 54.3857)"
WHSE_IMAGERY_AND_BASE_MAPS.AIMG_PHOTO_CENTROIDS_SP.1284881,1284881,1494,1975,1975-09-12,02:15:00,54.38819,-126.6341,bc5688,151,N,Y,Film - BW,bc5688_151,093l03744,093L07,1:8000,,B-091-H-75,153,https://openmaps.gov.bc.ca/thumbs/1975/bc5688/bc5688_151_thumb.jpg,https://openmaps.gov.bc.ca/thumbs/logbooks/1975/roll_pages/bc5688_4.jpg,,,78134,5259,14921,19498045,,231944.69,400.431358.585806,CUT,400.431358,"c(-126.6341, 54.38819)"
WHSE_IMAGERY_AND_BASE_MAPS.AIMG_PHOTO_CENTROIDS_SP.1284882,1284882,1494,1975,1975-09-12,02:15:00,54.39066,-126.6276,bc5688,152,N,Y,Film - BW,bc5688_152,093l03744,093L07,1:8000,,B-091-H-75,153,https://openmaps.gov.bc.ca/thumbs/1975/bc5688/bc5688_152_thumb.jpg,https://openmaps.gov.bc.ca/thumbs/logbooks/1975/roll_pages/bc5688_4.jpg,,,78134,5259,14921,19498046,,231944.69,400.431358.585806,CUT,400.431358,"c(-126.6276, 54.39066)"
WHSE_IMAGERY_AND_BASE_MAPS.AIMG_PHOTO_CENTROIDS_SP.1292497,1292497,5639,1975,1975-09-08,09:30:00,54.39522,-126.6598,bc7796,90,N,Y,Film - BW,bc7796_090,093l03743,093L07,1:15000,,B-349-MA-75,305,https://openmaps.gov.bc.ca/thumbs/1975/bc7796/bc7796_090_thumb.jpg,https://openmaps.gov.bc.ca/thumbs/logbooks/1975/roll_pages/bc7795_7796_3.jpg,,,78600,5798,15107,19505025,,231944.69,400.431358.585806,CUT,400.431358,"c(-126.6598, 54.39522)"
WHSE_IMAGERY_AND_BASE_MAPS.AIMG_PHOTO_CENTROIDS_SP.1292498,1292498,5639,1975,1975-09-08,09:30:00,54.40229,-126.6468,bc7796,91,N,Y,Film - BW,bc7796_091,093l04722,093L07,1:15000,,B-349-MA-75,305,https://openmaps.gov.bc.ca/thumbs/1975/bc7796/bc7796_091_thumb.jpg,https://openmaps.gov.bc.ca/thumbs/logbooks/1975/roll_pages/bc7795_7796_3.jpg,,,78600,5798,15107,19505026,,231944.69,400.431358.585806,CUT,400.431358,"c(-126.6468, 54.40229)"
WHSE_IMAGERY_AND_BASE_MAPS.AIMG_PHOTO_CENTROIDS_SP.1292499,1292499,5639,1975,1975-09-08,09:30:00,54.40937,-126.6338,bc7796,92,N,Y,Film - BW,bc7796_092,093l04722,093L07,1:15000,,B-349-MA-75,305,https://openmaps.gov.bc.ca/thumbs/1975/bc7796/bc7796_092_thumb.jpg,https://openmaps.gov.bc.ca/thumbs/logbooks/1975/roll_pages/bc7795_7796_3.jpg,,,78600,5798,15107,19505027,,231944.69,400.431358.585806,CUT,400.431358,"c(-126.6338, 54.40937)"
WHSE_IMAGERY_AND_BASE_MAPS.AIMG_PHOTO_CENTROIDS_SP.1292500,1292500,5639,1975,1975-09-08,09:30:00,54.41644,-126.6208,bc7796,93,N,Y,Film - BW,bc7796_093,093l04722,093L07,1:15000,,B-349-MA-75,305,https://openmaps.gov.bc.ca/thumbs/1975/bc7796/bc7796_093_thumb.jpg,https://openmaps.gov.bc.ca/thumbs/logbooks/1975/roll_pages/bc7795_7796_3.jpg,,,78600,5798,15107,19505028,,231944.69,400.431358.585806,CUT,400.431358,"c(-126.6208, 54.41644)"
WHSE_IMAGERY_AND_BASE_MAPS.AIMG_PHOTO_CENTROIDS_SP.1292501,1292501,5639,1975,1975-09-08,09:30:00,54.42351,-126.6078,bc7796,94,N,Y,Film - BW,bc7796_094,093l04722,093L07,1:15000,,B-349-MA-75,305,https://openmaps.gov.bc.ca/thumbs/1975/bc7796/bc7796_094_thumb.jpg,https://openmaps.gov.bc.ca/thumbs/logbooks/1975/roll_pages/bc7795_7796_3.jpg,,,78600,5798,15107,19505029,,231944.69,400.431358.585806,CUT,400.431358,"c(-126.6078, 54.42351)"
WHSE_IMAGERY_AND_BASE_MAPS.AIMG_PHOTO_CENTROIDS_SP.1292502,1292502,5639,1975,1975-09-08,09:30:00,54.43058,-126.5948,bc7796,95,N,Y,Film - BW,bc7796_095,093l04813,093L07,1:15000,,B-349-MA-75,305,https://openmaps.gov.bc.ca/thumbs/1975/bc7796/bc7796_095_thumb.jpg,https://openmaps.gov.bc.ca/thumbs/logbooks/1975/roll_pages/bc7795_7796_3.jpg,,,78600,5798,15107,19505030,,231944.69,400.431358.585806,CUT,400.431358,"c(-126.5948, 54.43058)"
WHSE_IMAGERY_AND_BASE_MAPS.AIMG_PHOTO_CENTROIDS_SP.1292503,1292503,5639,1975,1975-09-08,09:30:00,54.43764,-126.5817,bc7796,96,N,Y,Film - BW,bc7796_096,093l04813,093L07,1:15000,,B-349-MA-75,305,https://openmaps.gov.bc.ca/thumbs/1975/bc7796/bc7796_096_thumb.jpg,https://openmaps.gov.bc.ca/thumbs/logbooks/1975/roll_pages/bc7795_7796_3.jpg,,,78600,5798,15107,19505031,,231944.69,400.431358.585806,CUT,400.431358,"c(-126.5817, 54.43764)"
WHSE_IMAGERY_AND_BASE_MAPS.AIMG_PHOTO_CENTROIDS_SP.1292504,1292504,5639,1975,1975-09-08,09:30:00,54.44471,-126.5687,bc7796,97,N,Y,Film - BW,bc7796_097,093l04813,093L07,1:15000,,B-349-MA-75,305,https://openmaps.gov.bc.ca/thumbs/1975/bc7796/bc7796_097_thumb.jpg,https://openmaps.gov.bc.ca/thumbs/logbooks/1975/roll_pages/bc7795_7796_3.jpg,,,78600,5798,15107,19505032,,231944.69,400.431358.585806,CUT,400.431358,"c(-126.5687, 54.44471)"
WHSE_IMAGERY_AND_BASE_MAPS.AIMG_PHOTO_CENTROIDS_SP.1292505,1292505,5639,1975,1975-09-08,09:30:00,54.45177,-126.5557,bc7796,98,N,Y,Film - BW,bc7796_098,093l04831,093L07,1:15000,,B-349-MA-75,305,https://openmaps.gov.bc.ca/thumbs/1975/bc7796/bc7796_098_thumb.jpg,https://openmaps.gov.bc.ca/thumbs/logbooks/1975/roll_pages/bc7795_7796_3.jpg,,,78600,5798,15107,19505033,,231944.69,400.431358.585806,CUT,400.431358,"c(-126.5557, 54.45177)"
WHSE_IMAGERY_AND_BASE_MAPS.AIMG_PHOTO_CENTROIDS_SP.1292506,1292506,5639,1975,1975-09-08,09:30:00,54.45883,-126.5426,bc7796,99,N,Y,Film - BW,bc7796_099,093l04832,093L07,1:15000,,B-349-MA-75,305,https://openmaps.gov.bc.ca/thumbs/1975/bc7796/bc7796_099_thumb.jpg,https://openmaps.gov.bc.ca/thumbs/logbooks/1975/roll_pages/bc7795_7796_3.jpg,,,78600,5798,15107,19505034,,231944.69,400.431358.585806,CUT,400.431358,"c(-126.5426, 54.45883)"
WHSE_IMAGERY_AND_BASE_MAPS.AIMG_PHOTO_CENTROIDS_SP.1292508,1292508,5639,1975,1975-09-08,09:30:00,54.47295,-126.5165,bc7796,101,N,Y,Film - BW,bc7796_101,093l04832,093L07,1:15000,,B-349-MA-75,305,https://openmaps.gov.bc.ca/thumbs/1975/bc7796/bc7796_101_thumb.jpg,https://openmaps.gov.bc.ca/thumbs/logbooks/1975/roll_pages/bc7795_7796_3.jpg,,,78600,5798,15107,19505036,,231944.69,400.431358.585806,CUT,400.431358,"c(-126.5165, 54.47295)"
WHSE_IMAGERY_AND_BASE_MAPS.AIMG_PHOTO_CENTROIDS_SP.1292510,1292510,5639,1975,1975-09-08,09:30:00,54.48707,-126.4904,bc7796,103,N,Y,Film - BW,bc7796_103,093l04843,093L08,1:15000,,B-349-MA-75,305,https://openmaps.gov.bc.ca/thumbs/1975/bc7796/bc7796_103_thumb.jpg,https://openmaps.gov.bc.ca/thumbs/logbooks/1975/roll_pages/bc7795_7796_3.jpg,,,78600,5798,15107,19505038,,231944.69,400.431358.585806,CUT,400.431358,"c(-126.4904, 54.48707)"
WHSE_IMAGERY_AND_BASE_MAPS.AIMG_PHOTO_CENTROIDS_SP.1292511,1292511,5639,1975,1975-09-08,09:30:00,54.49412,-126.4773,bc7796,104,N,Y,Film - BW,bc7796_104,093l04843,093L08,1:15000,,B-349-MA-75,305,https://openmaps.gov.bc.ca/thumbs/1975/bc7796/bc7796_104_thumb.jpg,https://openmaps.gov.bc.ca/thumbs/logbooks/1975/roll_pages/bc7795_7796_3.jpg,,,78600,5798,15107,19505039,,231944.69,400.431358.585806,CUT,400.431358,"c(-126.4773, 54.49412)"
WHSE_IMAGERY_AND_BASE_MAPS.AIMG_PHOTO_CENTROIDS_SP.1292512,1292512,5639,1975,1975-09-08,09:30:00,54.50117,-126.4643,bc7796,105,N,Y,Film - BW,bc7796_105,093l05821,093L09,1:15000,,B-349-MA-75,305,https://openmaps.gov.bc.ca/thumbs/1975/bc7796/bc7796_105_thumb.jpg,https://openmaps.gov.bc.ca/thumbs/logbooks/1975/roll_pages/bc7795_7796_3.jpg,,,78600,5798,15107,19505040,,231944.69,400.431358.585806,CUT,400.431358,"c(-126.4643, 54.50117)"
WHSE_IMAGERY_AND_BASE_MAPS.AIMG_PHOTO_CENTROIDS_SP.1292513,1292513,5639,1975,1975-09-08,09:30:00,54.50823,-126.4512,bc7796,106,N,Y,Film - BW,bc7796_106,093l05821,093L09,1:15000,,B-349-MA-75,305,https://openmaps.gov.bc.ca/thumbs/1975/bc7796/bc7796_106_thumb.jpg,https://openmaps.gov.bc.ca/thumbs/logbooks/1975/roll_pages/bc7795_7796_3.jpg,,,78600,5798,15107,19505041,,231944.69,400.431358.585806,CUT,400.431358,"c(-126.4512, 54.50823)"
WHSE_IMAGERY_AND_BASE_MAPS.AIMG_PHOTO_CENTROIDS_SP.1292514,1292514,5639,1975,1975-09-08,09:30:00,54.51528,-126.4381,bc7796,107,N,Y,Film - BW,bc7796_107,093l05822,093L09,1:15000,,B-349-MA-75,305,https://openmaps.gov.bc.ca/thumbs/1975/bc7796/bc7796_107_thumb.jpg,https://openmaps.gov.bc.ca/thumbs/logbooks/1975/roll_pages/bc7795_7796_3.jpg,,,78600,5798,15107,19505042,,231944.69,400.431358.585806,CUT,400.431358,"c(-126.4381, 54.51528)"
WHSE_IMAGERY_AND_BASE_MAPS.AIMG_PHOTO_CENTROIDS_SP.1292515,1292515,5639,1975,1975-09-08,09:30:00,54.52232,-126.425,bc7796,108,N,Y,Film - BW,bc7796_108,093l05822,093L09,1:15000,,B-349-MA-75,305,https://openmaps.gov.bc.ca/thumbs/1975/bc7796/bc7796_108_thumb.jpg,https://openmaps.gov.bc.ca/thumbs/logbooks/1975/roll_pages/bc7795_7796_3.jpg,,,78600,5798,15107,19505043,,231944.69,400.431358.585806,CUT,400.431358,"c(-126.425, 54.52232)"
WHSE_IMAGERY_AND_BASE_MAPS.AIMG_PHOTO_CENTROIDS_SP.1292516,1292516,5639,1975,1975-09-08,09:30:00,54.52937,-126.4119,bc7796,109,N,Y,Film - BW,bc7796_109,093l05824,093L09,1:15000,,B-349-MA-75,305,https://openmaps.gov.bc.ca/thumbs/1975/bc7796/bc7796_109_thumb.jpg,https://openmaps.gov.bc.ca/thumbs/logbooks/1975/roll_pages/bc7795_7796_3.jpg,,,78600,5798,15107,19505044,,231944.69,400.431358.585806,CUT,400.431358,"c(-126.4119, 54.52937)"
WHSE_IMAGERY_AND_BASE_MAPS.AIMG_PHOTO_CENTROIDS_SP.1292520,1292520,5639,1975,1975-09-08,09:30:00,54.52602,-126.4223,bc7796,113,N,Y,Film - BW,bc7796_113,093l05824,093L09,1:15000,,B-349-MA-75,305,https://openmaps.gov.bc.ca/thumbs/1975/bc7796/bc7796_113_thumb.jpg,https://openmaps.gov.bc.ca/thumbs/logbooks/1975/roll_pages/bc7795_7796_3.jpg,,,78601,5798,15107,19505048,,231944.69,400.431358.585806,CUT,400.431358,"c(-126.4223, 54.52602)"
WHSE_IMAGERY_AND_BASE_MAPS.AIMG_PHOTO_CENTROIDS_SP.1292521,1292521,5639,1975,1975-09-08,09:30:00,54.52303,-126.4056,bc7796,114,N,Y,Film - BW,bc7796_114,093l05822,093L09,1:15000,,B-349-MA-75,305,https://openmaps.gov.bc.ca/thumbs/1975/bc7796/bc7796_114_thumb.jpg,https://openmaps.gov.bc.ca/thumbs/logbooks/1975/roll_pages/bc7795_7796_3.jpg,,,78601,5798,15107,19505049,,231944.69,400.431358.585806,CUT,400.431358,"c(-126.4056, 54.52303)"
WHSE_IMAGERY_AND_BASE_MAPS.AIMG_PHOTO_CENTROIDS_SP.1292522,1292522,5639,1975,1975-09-08,09:30:00,54.52005,-126.3888,bc7796,115,N,Y,Film - BW,bc7796_115,093l05911,093L09,1:15000,,B-349-MA-75,305,https://openmaps.gov.bc.ca/thumbs/1975/bc7796/bc7796_115_thumb.jpg,https://openmaps.gov.bc.ca/thumbs/logbooks/1975/roll_pages/bc7795_7796_3.jpg,,,78601,5798,15107,19505050,,231944.69,400.431358.585806,CUT,400.431358,"c(-126.3888, 54.52005)"
WHSE_IMAGERY_AND_BASE_MAPS.AIMG_PHOTO_CENTROIDS_SP.1292523,1292523,5639,1975,1975-09-08,09:30:00,54.51706,-126.3721,bc7796,116,N,Y,Film - BW,bc7796_116,093l05911,093L09,1:15000,,B-349-MA-75,305,https://openmaps.gov.bc.ca/thumbs/1975/bc7796/bc7796_116_thumb.jpg,https://openmaps.gov.bc.ca/thumbs/logbooks/1975/roll_pages/bc7795_7796_3.jpg,,,78601,5798,15107,19505051,,231944.69,400.431358.585806,CUT,400.431358,"c(-126.3721, 54.51706)"
WHSE_IMAGERY_AND_BASE_MAPS.AIMG_PHOTO_CENTROIDS_SP.1292524,1292524,5639,1975,1975-09-08,09:30:00,54.51407,-126.3554,bc7796,117,N,Y,Film - BW,bc7796_117,093l05911,093L09,1:15000,,B-349-MA-75,305,https://openmaps.gov.bc.ca/thumbs/1975/bc7796/bc7796_117_thumb.jpg,https://openmaps.gov.bc.ca/thumbs/logbooks/1975/roll_pages/bc7795_7796_3.jpg,,,78601,5798,15107,19505052,,231944.69,400.431358.585806,CUT,400.431358,"c(-126.3554, 54.51407)"
WHSE_IMAGERY_AND_BASE_MAPS.AIMG_PHOTO_CENTROIDS_SP.1292525,1292525,5639,1975,1975-09-08,09:30:00,54.51108,-126.3387,bc7796,118,N,Y,Film - BW,bc7796_118,093l05912,093L09,1:15000,,B-349-MA-75,305,https://openmaps.gov.bc.ca/thumbs/1975/bc7796/bc7796_118_thumb.jpg,https://openmaps.gov.bc.ca/thumbs/logbooks/1975/roll_pages/bc7795_7796_3.jpg,,,78601,5798,15107,19505053,,231944.69,400.431358.585806,CUT,400.431358,"c(-126.3387, 54.51108)"
WHSE_IMAGERY_AND_BASE_MAPS.AIMG_PHOTO_CENTROIDS_SP.1292526,1292526,5639,1975,1975-09-08,09:30:00,54.50809,-126.322,bc7796,119,N,Y,Film - BW,bc7796_119,093l05912,093L09,1:15000,,B-349-MA-75,305,https://openmaps.gov.bc.ca/thumbs/1975/bc7796/bc7796_119_thumb.jpg,https://openmaps.gov.bc.ca/thumbs/logbooks/1975/roll_pages/bc7795_7796_3.jpg,,,78601,5798,15107,19505054,,231944.69,400.431358.585806,CUT,400.431358,"c(-126.322, 54.50809)"
WHSE_IMAGERY_AND_BASE_MAPS.AIMG_PHOTO_CENTROIDS_SP.1292527,1292527,5639,1975,1975-09-08,09:30:00,54.50509,-126.3053,bc7796,120,N,Y,Film - BW,bc7796_120,093l05912,093L09,1:15000,,B-349-MA-75,305,https://openmaps.gov.bc.ca/thumbs/1975/bc7796/bc7796_120_thumb.jpg,https://openmaps.gov.bc.ca/thumbs/logbooks/1975/roll_pages/bc7795_7796_3.jpg,,,78601,5798,15107,19505055,,231944.69,400.431358.585806,CUT,400.431358,"c(-126.3053, 54.50509)"
WHSE_IMAGERY_AND_BASE_MAPS.AIMG_PHOTO_CENTROIDS_SP.1292529,1292529,5639,1975,1975-09-08,09:30:00,54.49909,-126.2719,bc7796,122,N,Y,Film - BW,bc7796_122,093l04943,093L08,1:15000,,B-349-MA-75,305,https://openmaps.gov.bc.ca/thumbs/1975/bc7796/bc7796_122_thumb.jpg,https://openmaps.gov.bc.ca/thumbs/logbooks/1975/roll_pages/bc7795_7796_3.jpg,,,78601,5798,15107,19505057,,231944.69,400.431358.585806,CUT,400.431358,"c(-126.2719, 54.49909)"
WHSE_IMAGERY_AND_BASE_MAPS.AIMG_PHOTO_CENTROIDS_SP.1292533,1292533,5639,1975,1975-09-08,09:30:00,54.48765,-126.2531,bc7796,126,N,Y,Film - BW,bc7796_126,093l04943,093L08,1:15000,,B-349-MA-75,305,https://openmaps.gov.bc.ca/thumbs/1975/bc7796/bc7796_126_thumb.jpg,https://openmaps.gov.bc.ca/thumbs/logbooks/1975/roll_pages/bc7795_7796_3.jpg,,,78602,5798,15107,19505061,,231944.69,400.431358.585806,CUT,400.431358,"c(-126.2531, 54.48765)"
WHSE_IMAGERY_AND_BASE_MAPS.AIMG_PHOTO_CENTROIDS_SP.1292534,1292534,5639,1975,1975-09-08,09:30:00,54.4819,-126.2472,bc7796,127,N,Y,Film - BW,bc7796_127,093l04944,093L08,1:15000,,B-349-MA-75,305,https://openmaps.gov.bc.ca/thumbs/1975/bc7796/bc7796_127_thumb.jpg,https://openmaps.gov.bc.ca/thumbs/logbooks/1975/roll_pages/bc7795_7796_3.jpg,,,78602,5798,15107,19505062,,231944.69,400.431358.585806,CUT,400.431358,"c(-126.2472, 54.4819)"
WHSE_IMAGERY_AND_BASE_MAPS.AIMG_PHOTO_CENTROIDS_SP.1292535,1292535,5639,1975,1975-09-08,09:30:00,54.47614,-126.2414,bc7796,128,N,Y,Film - BW,bc7796_128,093l04944,093L08,1:15000,,B-349-MA-75,305,https://openmaps.gov.bc.ca/thumbs/1975/bc7796/bc7796_128_thumb.jpg,https://openmaps.gov.bc.ca/thumbs/logbooks/1975/roll_pages/bc7795_7796_3.jpg,,,78602,5798,15107,19505063,,231944.69,400.431358.585806,CUT,400.431358,"c(-126.2414, 54.47614)"
WHSE_IMAGERY_AND_BASE_MAPS.AIMG_PHOTO_CENTROIDS_SP.1292536,1292536,5639,1975,1975-09-08,09:30:00,54.47039,-126.2355,bc7796,129,N,Y,Film - BW,bc7796_129,093l04942,093L08,1:15000,,B-349-MA-75,305,https://openmaps.gov.bc.ca/thumbs/1975/bc7796/bc7796_129_thumb.jpg,https://openmaps.gov.bc.ca/thumbs/logbooks/1975/roll_pages/bc7795_7796_3.jpg,,,78602,5798,15107,19505064,,231944.69,400.431358.585806,CUT,400.431358,"c(-126.2355, 54.47039)"
WHSE_IMAGERY_AND_BASE_MAPS.AIMG_PHOTO_CENTROIDS_SP.1292539,1292539,5639,1975,1975-09-08,09:30:00,54.45313,-126.2179,bc7796,132,N,Y,Film - BW,bc7796_132,093l04942,093L08,1:15000,,B-349-MA-75,305,https://openmaps.gov.bc.ca/thumbs/1975/bc7796/bc7796_132_thumb.jpg,https://openmaps.gov.bc.ca/thumbs/logbooks/1975/roll_pages/bc7795_7796_3.jpg,,,78602,5798,15107,19505067,,231944.69,400.431358.585806,CUT,400.431358,"c(-126.2179, 54.45313)"
WHSE_IMAGERY_AND_BASE_MAPS.AIMG_PHOTO_CENTROIDS_SP.1292540,1292540,5639,1975,1975-09-08,09:30:00,54.44737,-126.212,bc7796,133,N,Y,Film - BW,bc7796_133,093l04924,093L08,1:15000,,B-349-MA-75,305,https://openmaps.gov.bc.ca/thumbs/1975/bc7796/bc7796_133_thumb.jpg,https://openmaps.gov.bc.ca/thumbs/logbooks/1975/roll_pages/bc7795_7796_3.jpg,,,78602,5798,15107,19505068,,231944.69,400.431358.585806,CUT,400.431358,"c(-126.212, 54.44737)"
WHSE_IMAGERY_AND_BASE_MAPS.AIMG_PHOTO_CENTROIDS_SP.1292541,1292541,5639,1975,1975-09-08,09:30:00,54.44162,-126.2061,bc7796,134,N,Y,Film - BW,bc7796_134,093l04924,093L08,1:15000,,B-349-MA-75,305,https://openmaps.gov.bc.ca/thumbs/1975/bc7796/bc7796_134_thumb.jpg,https://openmaps.gov.bc.ca/thumbs/logbooks/1975/roll_pages/bc7795_7796_3.jpg,,,78602,5798,15107,19505069,,231944.69,400.431358.585806,CUT,400.431358,"c(-126.2061, 54.44162)"
WHSE_IMAGERY_AND_BASE_MAPS.AIMG_PHOTO_CENTROIDS_SP.1292542,1292542,5639,1975,1975-09-08,09:30:00,54.43586,-126.2002,bc7796,135,N,Y,Film - BW,bc7796_135,093l04924,093L08,1:15000,,B-349-MA-75,305,https://openmaps.gov.bc.ca/thumbs/1975/bc7796/bc7796_135_thumb.jpg,https://openmaps.gov.bc.ca/thumbs/logbooks/1975/roll_pages/bc7795_7796_3.jpg,,,78602,5798,15107,19505070,,231944.69,400.431358.585806,CUT,400.431358,"c(-126.2002, 54.43586)"
WHSE_IMAGERY_AND_BASE_MAPS.AIMG_PHOTO_CENTROIDS_SP.1292543,1292543,5639,1975,1975-09-08,09:30:00,54.44292,-126.2144,bc7796,136,N,Y,Film - BW,bc7796_136,093l04924,093L08,1:15000,,B-349-MA-75,305,https://openmaps.gov.bc.ca/thumbs/1975/bc7796/bc7796_136_thumb.jpg,https://openmaps.gov.bc.ca/thumbs/logbooks/1975/roll_pages/bc7795_7796_3.jpg,,,78603,5798,15107,19505071,,231944.69,400.431358.585806,CUT,400.431358,"c(-126.2144, 54.44292)"
WHSE_IMAGERY_AND_BASE_MAPS.AIMG_PHOTO_CENTROIDS_SP.1292544,1292544,5639,1975,1975-09-08,09:30:00,54.4385,-126.1945,bc7796,137,N,Y,Film - BW,bc7796_137,093l05013,093L08,1:15000,,B-349-MA-75,305,https://openmaps.gov.bc.ca/thumbs/1975/bc7796/bc7796_137_thumb.jpg,https://openmaps.gov.bc.ca/thumbs/logbooks/1975/roll_pages/bc7795_7796_3.jpg,,,78603,5798,15107,19505072,,231944.69,400.431358.585806,CUT,400.431358,"c(-126.1945, 54.4385)"
WHSE_IMAGERY_AND_BASE_MAPS.AIMG_PHOTO_CENTROIDS_SP.1292549,1292549,5639,1975,1975-09-08,09:30:00,54.41675,-126.0959,bc7796,142,N,Y,Film - BW,bc7796_142,093l05021,093L08,1:15000,,B-349-MA-75,305,https://openmaps.gov.bc.ca/thumbs/1975/bc7796/bc7796_142_thumb.jpg,https://openmaps.gov.bc.ca/thumbs/logbooks/1975/roll_pages/bc7795_7796_3.jpg,,,78603,5798,15107,19505077,,231944.69,400.431358.585806,CUT,400.431358,"c(-126.0959, 54.41675)"
WHSE_IMAGERY_AND_BASE_MAPS.AIMG_PHOTO_CENTROIDS_SP.1292550,1292550,5639,1975,1975-09-08,09:30:00,54.41239,-126.0762,bc7796,143,N,Y,Film - BW,bc7796_143,093l05021,093L08,1:15000,,B-349-MA-75,305,https://openmaps.gov.bc.ca/thumbs/1975/bc7796/bc7796_143_thumb.jpg,https://openmaps.gov.bc.ca/thumbs/logbooks/1975/roll_pages/bc7795_7796_3.jpg,,,78603,5798,15107,19505078,,231944.69,400.431358.585806,CUT,400.431358,"c(-126.0762, 54.41239)"
WHSE_IMAGERY_AND_BASE_MAPS.AIMG_PHOTO_CENTROIDS_SP.1292551,1292551,5639,1975,1975-09-08,09:30:00,54.40802,-126.0565,bc7796,144,N,Y,Film - BW,bc7796_144,093l05021,093L08,1:15000,,B-349-MA-75,305,https://openmaps.gov.bc.ca/thumbs/1975/bc7796/bc7796_144_thumb.jpg,https://openmaps.gov.bc.ca/thumbs/logbooks/1975/roll_pages/bc7795_7796_3.jpg,,,78603,5798,15107,19505079,,231944.69,400.431358.585806,CUT,400.431358,"c(-126.0565, 54.40802)"
WHSE_IMAGERY_AND_BASE_MAPS.AIMG_PHOTO_CENTROIDS_SP.1292552,1292552,5639,1975,1975-09-08,09:30:00,54.40366,-126.0369,bc7796,145,N,Y,Film - BW,bc7796_145,093l05022,093L08,1:15000,,B-349-MA-75,305,https://openmaps.gov.bc.ca/thumbs/1975/bc7796/bc7796_145_thumb.jpg,https://openmaps.gov.bc.ca/thumbs/logbooks/1975/roll_pages/bc7795_7796_3.jpg,,,78603,5798,15107,19505080,,231944.69,400.431358.585806,CUT,400.431358,"c(-126.0369, 54.40366)"
WHSE_IMAGERY_AND_BASE_MAPS.AIMG_PHOTO_CENTROIDS_SP.1293657,1293657,3200,1975,1975-06-19,02:30:00,54.40309,-126.715,bc5671,85,N,Y,Film - BW,bc5671_085,093l04712,093L07,1:15000,,B-038-MA-75,153,https://openmaps.gov.bc.ca/thumbs/1975/bc5671/bc5671_085_thumb.jpg,https://openmaps.gov.bc.ca/thumbs/logbooks/1975/roll_pages/bc5671_1.jpg,,,78667,4282,14857,19505924,,231944.69,400.431358.585806,CUT,400.431358,"c(-126.715, 54.40309)"
WHSE_IMAGERY_AND_BASE_MAPS.AIMG_PHOTO_CENTROIDS_SP.1293658,1293658,3200,1975,1975-06-19,02:30:00,54.39259,-126.7089,bc5671,86,N,Y,Film - BW,bc5671_086,093l03734,093L07,1:15000,,B-038-MA-75,153,https://openmaps.gov.bc.ca/thumbs/1975/bc5671/bc5671_086_thumb.jpg,https://openmaps.gov.bc.ca/thumbs/logbooks/1975/roll_pages/bc5671_1.jpg,,,78667,4282,14857,19505925,,231944.69,400.431358.585806,CUT,400.431358,"c(-126.7089, 54.39259)"
WHSE_IMAGERY_AND_BASE_MAPS.AIMG_PHOTO_CENTROIDS_SP.1340021,1340021,2438,1974,1974-08-13,09:25:00,54.3978,-126.7292,bc5606,3,N,Y,Film - BW,bc5606_003,093l03734,093L07,1:12000,,B-184-H-74,153,https://openmaps.gov.bc.ca/thumbs/1974/bc5606/bc5606_003_thumb.jpg,https://openmaps.gov.bc.ca/thumbs/logbooks/1974/roll_pages/bc5606_1.jpg,,,80022,4714,11511,19538799,,231944.69,400.431358.585806,CUT,400.431358,"c(-126.7292, 54.3978)"
WHSE_IMAGERY_AND_BASE_MAPS.AIMG_PHOTO_CENTROIDS_SP.1340022,1340022,2438,1974,1974-08-13,09:25:00,54.40148,-126.7155,bc5606,4,N,Y,Film - BW,bc5606_004,093l04712,093L07,1:12000,,B-184-H-74,153,https://openmaps.gov.bc.ca/thumbs/1974/bc5606/bc5606_004_thumb.jpg,https://openmaps.gov.bc.ca/thumbs/logbooks/1974/roll_pages/bc5606_1.jpg,,,80022,4714,11511,19538800,,231944.69,400.431358.585806,CUT,400.431358,"c(-126.7155, 54.40148)"
WHSE_IMAGERY_AND_BASE_MAPS.AIMG_PHOTO_CENTROIDS_SP.1340030,1340030,2438,1974,1974-08-13,09:25:00,54.43085,-126.6057,bc5606,12,N,Y,Film - BW,bc5606_012,093l04724,093L07,1:12000,,B-184-H-74,153,https://openmaps.gov.bc.ca/thumbs/1974/bc5606/bc5606_012_thumb.jpg,https://openmaps.gov.bc.ca/thumbs/logbooks/1974/roll_pages/bc5606_1.jpg,,,80022,4714,11511,19538808,,231944.69,400.431358.585806,CUT,400.431358,"c(-126.6057, 54.43085)"
WHSE_IMAGERY_AND_BASE_MAPS.AIMG_PHOTO_CENTROIDS_SP.1340031,1340031,2438,1974,1974-08-13,09:25:00,54.43452,-126.5919,bc5606,13,N,Y,Film - BW,bc5606_013,093l04813,093L07,1:12000,,B-184-H-74,153,https://openmaps.gov.bc.ca/thumbs/1974/bc5606/bc5606_013_thumb.jpg,https://openmaps.gov.bc.ca/thumbs/logbooks/1974/roll_pages/bc5606_1.jpg,,,80022,4714,11511,19538809,,231944.69,400.431358.585806,CUT,400.431358,"c(-126.5919, 54.43452)"
WHSE_IMAGERY_AND_BASE_MAPS.AIMG_PHOTO_CENTROIDS_SP.1340032,1340032,2438,1974,1974-08-13,09:25:00,54.43823,-126.5782,bc5606,14,N,Y,Film - BW,bc5606_014,093l04813,093L07,1:12000,,B-184-H-74,153,https://openmaps.gov.bc.ca/thumbs/1974/bc5606/bc5606_014_thumb.jpg,https://openmaps.gov.bc.ca/thumbs/logbooks/1974/roll_pages/bc5606_1.jpg,,,80022,4714,11511,19538810,,231944.69,400.431358.585806,CUT,400.431358,"c(-126.5782, 54.43823)"
WHSE_IMAGERY_AND_BASE_MAPS.AIMG_PHOTO_CENTROIDS_SP.1340037,1340037,2438,1974,1974-08-13,09:25:00,54.40607,-126.6234,bc5606,19,N,Y,Film - BW,bc5606_019,093l04722,093L07,1:12000,,B-184-H-74,153,https://openmaps.gov.bc.ca/thumbs/1974/bc5606/bc5606_019_thumb.jpg,https://openmaps.gov.bc.ca/thumbs/logbooks/1974/roll_pages/bc5606_1.jpg,,,80023,4714,11511,19538815,,231944.69,400.431358.585806,CUT,400.431358,"c(-126.6234, 54.40607)"
WHSE_IMAGERY_AND_BASE_MAPS.AIMG_PHOTO_CENTROIDS_SP.1340038,1340038,2438,1974,1974-08-13,09:25:00,54.40268,-126.6363,bc5606,20,N,Y,Film - BW,bc5606_020,093l04722,093L07,1:12000,,B-184-H-74,153,https://openmaps.gov.bc.ca/thumbs/1974/bc5606/bc5606_020_thumb.jpg,https://openmaps.gov.bc.ca/thumbs/logbooks/1974/roll_pages/bc5606_1.jpg,,,80023,4714,11511,19538816,,231944.69,400.431358.585806,CUT,400.431358,"c(-126.6363, 54.40268)"
WHSE_IMAGERY_AND_BASE_MAPS.AIMG_PHOTO_CENTROIDS_SP.1340039,1340039,2438,1974,1974-08-13,09:25:00,54.3993,-126.6493,bc5606,21,N,Y,Film - BW,bc5606_021,093l03744,093L07,1:12000,,B-184-H-74,153,https://openmaps.gov.bc.ca/thumbs/1974/bc5606/bc5606_021_thumb.jpg,https://openmaps.gov.bc.ca/thumbs/logbooks/1974/roll_pages/bc5606_1.jpg,,,80023,4714,11511,19538817,,231944.69,400.431358.585806,CUT,400.431358,"c(-126.6493, 54.3993)"
WHSE_IMAGERY_AND_BASE_MAPS.AIMG_PHOTO_CENTROIDS_SP.1340040,1340040,2438,1974,1974-08-13,09:25:00,54.3959,-126.6622,bc5606,22,N,Y,Film - BW,bc5606_022,093l03743,093L07,1:12000,,B-184-H-74,153,https://openmaps.gov.bc.ca/thumbs/1974/bc5606/bc5606_022_thumb.jpg,https://openmaps.gov.bc.ca/thumbs/logbooks/1974/roll_pages/bc5606_1.jpg,,,80023,4714,11511,19538818,,231944.69,400.431358.585806,CUT,400.431358,"c(-126.6622, 54.3959)"
WHSE_IMAGERY_AND_BASE_MAPS.AIMG_PHOTO_CENTROIDS_SP.1340041,1340041,2438,1974,1974-08-13,09:25:00,54.39252,-126.6752,bc5606,23,N,Y,Film - BW,bc5606_023,093l03743,093L07,1:12000,,B-184-H-74,153,https://openmaps.gov.bc.ca/thumbs/1974/bc5606/bc5606_023_thumb.jpg,https://openmaps.gov.bc.ca/thumbs/logbooks/1974/roll_pages/bc5606_1.jpg,,,80023,4714,11511,19538819,,231944.69,400.431358.585806,CUT,400.431358,"c(-126.6752, 54.39252)"
WHSE_IMAGERY_AND_BASE_MAPS.AIMG_PHOTO_CENTROIDS_SP.1340042,1340042,2438,1974,1974-08-13,09:25:00,54.38912,-126.6881,bc5606,24,N,Y,Film - BW,bc5606_024,093l03743,093L07,1:12000,,B-184-H-74,153,https://openmaps.gov.bc.ca/thumbs/1974/bc5606/bc5606_024_thumb.jpg,https://openmaps.gov.bc.ca/thumbs/logbooks/1974/roll_pages/bc5606_1.jpg,,,80023,4714,11511,19538820,,231944.69,400.431358.585806,CUT,400.431358,"c(-126.6881, 54.38912)"
WHSE_IMAGERY_AND_BASE_MAPS.AIMG_PHOTO_CENTROIDS_SP.1340043,1340043,2438,1974,1974-08-13,09:25:00,54.38573,-126.7011,bc5606,25,N,Y,Film - BW,bc5606_025,093l03734,093L07,1:12000,,B-184-H-74,153,https://openmaps.gov.bc.ca/thumbs/1974/bc5606/bc5606_025_thumb.jpg,https://openmaps.gov.bc.ca/thumbs/logbooks/1974/roll_pages/bc5606_1.jpg,,,80023,4714,11511,19538821,,231944.69,400.431358.585806,CUT,400.431358,"c(-126.7011, 54.38573)"
WHSE_IMAGERY_AND_BASE_MAPS.AIMG_PHOTO_CENTROIDS_SP.1340058,1340058,2438,1974,1974-08-13,09:25:00,54.38177,-126.6459,bc5606,40,N,Y,Film - BW,bc5606_040,093l03744,093L07,1:12000,,B-184-H-74,153,https://openmaps.gov.bc.ca/thumbs/1974/bc5606/bc5606_040_thumb.jpg,https://openmaps.gov.bc.ca/thumbs/logbooks/1974/roll_pages/bc5606_1.jpg,,,80024,4714,11511,19538836,,231944.69,400.431358.585806,CUT,400.431358,"c(-126.6459, 54.38177)"
WHSE_IMAGERY_AND_BASE_MAPS.AIMG_PHOTO_CENTROIDS_SP.1340059,1340059,2438,1974,1974-08-13,09:25:00,54.38531,-126.6331,bc5606,41,N,Y,Film - BW,bc5606_041,093l03744,093L07,1:12000,,B-184-H-74,153,https://openmaps.gov.bc.ca/thumbs/1974/bc5606/bc5606_041_thumb.jpg,https://openmaps.gov.bc.ca/thumbs/logbooks/1974/roll_pages/bc5606_1.jpg,,,80024,4714,11511,19538837,,231944.69,400.431358.585806,CUT,400.431358,"c(-126.6331, 54.38531)"
WHSE_IMAGERY_AND_BASE_MAPS.AIMG_PHOTO_CENTROIDS_SP.1400195,1400195,6096,1971,1971-07-17,11:15:00,54.49822,-126.4772,bc7325,145,N,Y,Film - BW,bc7325_145,093l04843,093L08,1:15840,,B-003-FSR-71,305,https://openmaps.gov.bc.ca/thumbs/1971/bc7325/bc7325_145_thumb.jpg,https://openmaps.gov.bc.ca/thumbs/logbooks/1971/roll_pages/bc7325_7326_3.jpg,,,81881,5519,12689,19593545,,231944.69,400.431358.585806,CUT,400.431358,"c(-126.4772, 54.49822)"
WHSE_IMAGERY_AND_BASE_MAPS.AIMG_PHOTO_CENTROIDS_SP.1400354,1400354,6096,1971,1971-07-17,11:15:00,54.47487,-126.5049,bc7326,20,N,Y,Film - BW,bc7326_020,093l04832,093L07,1:15840,,B-003-FSR-71,305,https://openmaps.gov.bc.ca/thumbs/1971/bc7326/bc7326_020_thumb.jpg,https://openmaps.gov.bc.ca/thumbs/logbooks/1971/roll_pages/bc7325_7326_3.jpg,,,81883,5519,12690,19593704,,231944.69,400.431358.585806,CUT,400.431358,"c(-126.5049, 54.47487)"
WHSE_IMAGERY_AND_BASE_MAPS.AIMG_PHOTO_CENTROIDS_SP.1400355,1400355,6096,1971,1971-07-17,11:15:00,54.47483,-126.4824,bc7326,21,N,Y,Film - BW,bc7326_021,093l04841,093L08,1:15840,,B-003-FSR-71,305,https://openmaps.gov.bc.ca/thumbs/1971/bc7326/bc7326_021_thumb.jpg,https://openmaps.gov.bc.ca/thumbs/logbooks/1971/roll_pages/bc7325_7326_3.jpg,,,81883,5519,12690,19593705,,231944.69,400.431358.585806,CUT,400.431358,"c(-126.4824, 54.47483)"
WHSE_IMAGERY_AND_BASE_MAPS.AIMG_PHOTO_CENTROIDS_SP.1400363,1400363,6096,1971,1971-07-17,11:15:00,54.45538,-126.5134,bc7326,29,N,Y,Film - BW,bc7326_029,093l04832,093L07,1:15840,,B-003-FSR-71,305,https://openmaps.gov.bc.ca/thumbs/1971/bc7326/bc7326_029_thumb.jpg,https://openmaps.gov.bc.ca/thumbs/logbooks/1971/roll_pages/bc7325_7326_3.jpg,,,81884,5519,12690,19593713,,231944.69,400.431358.585806,CUT,400.431358,"c(-126.5134, 54.45538)"
WHSE_IMAGERY_AND_BASE_MAPS.AIMG_PHOTO_CENTROIDS_SP.1400364,1400364,6096,1971,1971-07-17,11:15:00,54.45537,-126.534,bc7326,30,N,Y,Film - BW,bc7326_030,093l04832,093L07,1:15840,,B-003-FSR-71,305,https://openmaps.gov.bc.ca/thumbs/1971/bc7326/bc7326_030_thumb.jpg,https://openmaps.gov.bc.ca/thumbs/logbooks/1971/roll_pages/bc7325_7326_3.jpg,,,81884,5519,12690,19593714,,231944.69,400.431358.585806,CUT,400.431358,"c(-126.534, 54.45537)"
WHSE_IMAGERY_AND_BASE_MAPS.AIMG_PHOTO_CENTROIDS_SP.1400365,1400365,6096,1971,1971-07-17,11:15:00,54.45535,-126.5547,bc7326,31,N,Y,Film - BW,bc7326_031,093l04831,093L07,1:15840,,B-003-FSR-71,305,https://openmaps.gov.bc.ca/thumbs/1971/bc7326/bc7326_031_thumb.jpg,https://openmaps.gov.bc.ca/thumbs/logbooks/1971/roll_pages/bc7325_7326_3.jpg,,,81884,5519,12690,19593715,,231944.69,400.431358.585806,CUT,400.431358,"c(-126.5547, 54.45535)"
WHSE_IMAGERY_AND_BASE_MAPS.AIMG_PHOTO_CENTROIDS_SP.1400519,1400519,6096,1971,1971-07-17,11:15:00,54.43322,-126.6126,bc7326,185,N,Y,Film - BW,bc7326_185,093l04724,093L07,1:15840,,B-003-FSR-71,305,https://openmaps.gov.bc.ca/thumbs/1971/bc7326/bc7326_185_thumb.jpg,https://openmaps.gov.bc.ca/thumbs/logbooks/1971/roll_pages/bc7325_7326_3.jpg,,,81885,5519,12690,19593869,,231944.69,400.431358.585806,CUT,400.431358,"c(-126.6126, 54.43322)"
WHSE_IMAGERY_AND_BASE_MAPS.AIMG_PHOTO_CENTROIDS_SP.1400520,1400520,6096,1971,1971-07-17,11:15:00,54.4333,-126.5914,bc7326,186,N,Y,Film - BW,bc7326_186,093l04813,093L07,1:15840,,B-003-FSR-71,305,https://openmaps.gov.bc.ca/thumbs/1971/bc7326/bc7326_186_thumb.jpg,https://openmaps.gov.bc.ca/thumbs/logbooks/1971/roll_pages/bc7325_7326_3.jpg,,,81885,5519,12690,19593870,,231944.69,400.431358.585806,CUT,400.431358,"c(-126.5914, 54.4333)"
WHSE_IMAGERY_AND_BASE_MAPS.AIMG_PHOTO_CENTROIDS_SP.1400544,1400544,6096,1971,1971-07-17,11:15:00,54.4121,-126.6065,bc7326,210,N,Y,Film - BW,bc7326_210,093l04722,093L07,1:15840,,B-003-FSR-71,305,https://openmaps.gov.bc.ca/thumbs/1971/bc7326/bc7326_210_thumb.jpg,https://openmaps.gov.bc.ca/thumbs/logbooks/1971/roll_pages/bc7325_7326_3.jpg,,,81886,5519,12690,19593894,,231944.69,400.431358.585806,CUT,400.431358,"c(-126.6065, 54.4121)"
WHSE_IMAGERY_AND_BASE_MAPS.AIMG_PHOTO_CENTROIDS_SP.1400545,1400545,6096,1971,1971-07-17,11:15:00,54.4121,-126.6278,bc7326,211,N,Y,Film - BW,bc7326_211,093l04722,093L07,1:15840,,B-003-FSR-71,305,https://openmaps.gov.bc.ca/thumbs/1971/bc7326/bc7326_211_thumb.jpg,https://openmaps.gov.bc.ca/thumbs/logbooks/1971/roll_pages/bc7325_7326_3.jpg,,,81886,5519,12690,19593895,,231944.69,400.431358.585806,CUT,400.431358,"c(-126.6278, 54.4121)"
WHSE_IMAGERY_AND_BASE_MAPS.AIMG_PHOTO_CENTROIDS_SP.1400550,1400550,6096,1971,1971-07-17,11:15:00,54.41204,-126.7347,bc7326,216,N,Y,Film - BW,bc7326_216,093l04712,093L07,1:15840,,B-003-FSR-71,305,https://openmaps.gov.bc.ca/thumbs/1971/bc7326/bc7326_216_thumb.jpg,https://openmaps.gov.bc.ca/thumbs/logbooks/1971/roll_pages/bc7325_7326_3.jpg,,,81886,5519,12690,19593900,,231944.69,400.431358.585806,CUT,400.431358,"c(-126.7347, 54.41204)"
WHSE_IMAGERY_AND_BASE_MAPS.AIMG_PHOTO_CENTROIDS_SP.1401137,1401137,6096,1971,1971-07-17,01:23:00,54.38977,-126.699,bc7333,71,N,Y,Film - BW,bc7333_071,093l03743,093L07,1:15840,,B-003-FSR-71,305,,https://openmaps.gov.bc.ca/thumbs/logbooks/1971/roll_pages/bc7333_7334_1.jpg,,,81897,5519,12699,19594487,,231944.69,400.431358.585806,CUT,400.431358,"c(-126.699, 54.38977)"
WHSE_IMAGERY_AND_BASE_MAPS.AIMG_PHOTO_CENTROIDS_SP.1401138,1401138,6096,1971,1971-07-17,01:23:00,54.38975,-126.6781,bc7333,72,N,Y,Film - BW,bc7333_072,093l03743,093L07,1:15840,,B-003-FSR-71,305,,https://openmaps.gov.bc.ca/thumbs/logbooks/1971/roll_pages/bc7333_7334_1.jpg,,,81897,5519,12699,19594488,,231944.69,400.431358.585806,CUT,400.431358,"c(-126.6781, 54.38975)"
WHSE_IMAGERY_AND_BASE_MAPS.AIMG_PHOTO_CENTROIDS_SP.1401140,1401140,6096,1971,1971-07-17,01:23:00,54.38969,-126.6363,bc7333,74,N,Y,Film - BW,bc7333_074,093l03744,093L07,1:15840,,B-003-FSR-71,305,,https://openmaps.gov.bc.ca/thumbs/logbooks/1971/roll_pages/bc7333_7334_1.jpg,,,81897,5519,12699,19594490,,231944.69,400.431358.585806,CUT,400.431358,"c(-126.6363, 54.38969)"
WHSE_IMAGERY_AND_BASE_MAPS.AIMG_PHOTO_CENTROIDS_SP.1401171,1401171,6096,1971,1971-07-17,01:23:00,54.36874,-126.6293,bc7333,105,N,Y,Film - BW,bc7333_105,093l03742,093L07,1:15840,,B-003-FSR-71,305,,https://openmaps.gov.bc.ca/thumbs/logbooks/1971/roll_pages/bc7333_7334_1.jpg,,,81898,5519,12699,19594521,,231944.69,400.431358.585806,CUT,400.431358,"c(-126.6293, 54.36874)"
WHSE_IMAGERY_AND_BASE_MAPS.AIMG_PHOTO_CENTROIDS_SP.1401319,1401319,6096,1971,1971-07-17,01:23:00,54.3461,-126.6155,bc7333,253,N,Y,Film - BW,bc7333_253,093l03724,093L07,1:15840,,B-003-FSR-71,305,,https://openmaps.gov.bc.ca/thumbs/logbooks/1971/roll_pages/bc7333_7334_1.jpg,,,81899,5519,12699,19594669,,231944.69,400.431358.585806,CUT,400.431358,"c(-126.6155, 54.3461)"
WHSE_IMAGERY_AND_BASE_MAPS.AIMG_PHOTO_CENTROIDS_SP.1401591,1401591,6096,1971,1971-07-26,01:50:00,54.32501,-126.6276,bc7359,181,N,Y,Film - BW,bc7359_181,093l03724,093L07,1:15840,,B-003-FSR-71,305,https://openmaps.gov.bc.ca/thumbs/1971/bc7359/bc7359_181_thumb.jpg,https://openmaps.gov.bc.ca/thumbs/logbooks/1971/roll_pages/bc7359_7360_3.jpg,,,81907,5519,12737,19594937,,231944.69,400.431358.585806,CUT,400.431358,"c(-126.6276, 54.32501)"
WHSE_IMAGERY_AND_BASE_MAPS.AIMG_PHOTO_CENTROIDS_SP.1401626,1401626,6096,1971,1971-07-26,01:50:00,54.30301,-126.6332,bc7359,216,N,Y,Film - BW,bc7359_216,093l03722,093L07,1:15840,,B-003-FSR-71,305,https://openmaps.gov.bc.ca/thumbs/1971/bc7359/bc7359_216_thumb.jpg,https://openmaps.gov.bc.ca/thumbs/logbooks/1971/roll_pages/bc7359_7360_3.jpg,,,81908,5519,12737,19594972,,231944.69,400.431358.585806,CUT,400.431358,"c(-126.6332, 54.30301)"
WHSE_IMAGERY_AND_BASE_MAPS.AIMG_PHOTO_CENTROIDS_SP.1401627,1401627,6096,1971,1971-07-26,01:50:00,54.30304,-126.654,bc7359,217,N,Y,Film - BW,bc7359_217,093l03721,093L07,1:15840,,B-003-FSR-71,305,https://openmaps.gov.bc.ca/thumbs/1971/bc7359/bc7359_217_thumb.jpg,https://openmaps.gov.bc.ca/thumbs/logbooks/1971/roll_pages/bc7359_7360_3.jpg,,,81908,5519,12737,19594973,,231944.69,400.431358.585806,CUT,400.431358,"c(-126.654, 54.30304)"
WHSE_IMAGERY_AND_BASE_MAPS.AIMG_PHOTO_CENTROIDS_SP.1401764,1401764,6096,1971,1971-07-26,01:59:00,54.2819,-126.6356,bc7360,70,N,Y,Film - BW,bc7360_070,093l02744,093L07,1:15840,,B-003-FSR-71,305,https://openmaps.gov.bc.ca/thumbs/1971/bc7360/bc7360_070_thumb.jpg,https://openmaps.gov.bc.ca/thumbs/logbooks/1971/roll_pages/bc7359_7360_3.jpg,,,81909,5519,12738,19595110,,231944.69,400.431358.585806,CUT,400.431358,"c(-126.6356, 54.2819)"
WHSE_IMAGERY_AND_BASE_MAPS.AIMG_PHOTO_CENTROIDS_SP.1401803,1401803,6096,1971,1971-07-26,01:59:00,54.25986,-126.6267,bc7360,109,N,Y,Film - BW,bc7360_109,093l02742,093L07,1:15840,,B-003-FSR-71,305,https://openmaps.gov.bc.ca/thumbs/1971/bc7360/bc7360_109_thumb.jpg,https://openmaps.gov.bc.ca/thumbs/logbooks/1971/roll_pages/bc7359_7360_3.jpg,,,81910,5519,12738,19595149,,231944.69,400.431358.585806,CUT,400.431358,"c(-126.6267, 54.25986)"
WHSE_IMAGERY_AND_BASE_MAPS.AIMG_PHOTO_CENTROIDS_SP.1402206,1402206,6096,1971,1971-07-27,09:20:00,54.19444,-126.4133,bc7362,104,N,Y,Film - BW,bc7362_104,093l01844,093L01,1:15840,,B-003-FSR-71,305,https://openmaps.gov.bc.ca/thumbs/1971/bc7362/bc7362_104_thumb.jpg,https://openmaps.gov.bc.ca/thumbs/logbooks/1971/roll_pages/bc7361_7362_1.jpg,,,81917,5519,12741,19595552,,231944.69,400.431358.585806,CUT,400.431358,"c(-126.4133, 54.19444)"
WHSE_IMAGERY_AND_BASE_MAPS.AIMG_PHOTO_CENTROIDS_SP.1402210,1402210,6096,1971,1971-07-27,09:20:00,54.19481,-126.4939,bc7362,108,N,Y,Film - BW,bc7362_108,093l01843,093L01,1:15840,,B-003-FSR-71,305,https://openmaps.gov.bc.ca/thumbs/1971/bc7362/bc7362_108_thumb.jpg,https://openmaps.gov.bc.ca/thumbs/logbooks/1971/roll_pages/bc7361_7362_1.jpg,,,81917,5519,12741,19595556,,231944.69,400.431358.585806,CUT,400.431358,"c(-126.4939, 54.19481)"
WHSE_IMAGERY_AND_BASE_MAPS.AIMG_PHOTO_CENTROIDS_SP.1402212,1402212,6096,1971,1971-07-27,09:20:00,54.19497,-126.5342,bc7362,110,N,Y,Film - BW,bc7362_110,093l01834,093L02,1:15840,,B-003-FSR-71,305,https://openmaps.gov.bc.ca/thumbs/1971/bc7362/bc7362_110_thumb.jpg,https://openmaps.gov.bc.ca/thumbs/logbooks/1971/roll_pages/bc7361_7362_1.jpg,,,81917,5519,12741,19595558,,231944.69,400.431358.585806,CUT,400.431358,"c(-126.5342, 54.19497)"
WHSE_IMAGERY_AND_BASE_MAPS.AIMG_PHOTO_CENTROIDS_SP.1402213,1402213,6096,1971,1971-07-27,09:20:00,54.19505,-126.5543,bc7362,111,N,Y,Film - BW,bc7362_111,093l01833,093L02,1:15840,,B-003-FSR-71,305,https://openmaps.gov.bc.ca/thumbs/1971/bc7362/bc7362_111_thumb.jpg,https://openmaps.gov.bc.ca/thumbs/logbooks/1971/roll_pages/bc7361_7362_1.jpg,,,81917,5519,12741,19595559,,231944.69,400.431358.585806,CUT,400.431358,"c(-126.5543, 54.19505)"
WHSE_IMAGERY_AND_BASE_MAPS.AIMG_PHOTO_CENTROIDS_SP.1402214,1402214,6096,1971,1971-07-27,09:20:00,54.19513,-126.5745,bc7362,112,N,Y,Film - BW,bc7362_112,093l01833,093L02,1:15840,,B-003-FSR-71,305,https://openmaps.gov.bc.ca/thumbs/1971/bc7362/bc7362_112_thumb.jpg,https://openmaps.gov.bc.ca/thumbs/logbooks/1971/roll_pages/bc7361_7362_1.jpg,,,81917,5519,12741,19595560,,231944.69,400.431358.585806,CUT,400.431358,"c(-126.5745, 54.19513)"
WHSE_IMAGERY_AND_BASE_MAPS.AIMG_PHOTO_CENTROIDS_SP.1402343,1402343,6096,1971,1971-07-27,09:20:00,54.21645,-126.5998,bc7362,241,N,Y,Film - BW,bc7362_241,093l02811,093L02,1:15840,,B-003-FSR-71,305,https://openmaps.gov.bc.ca/thumbs/1971/bc7362/bc7362_241_thumb.jpg,https://openmaps.gov.bc.ca/thumbs/logbooks/1971/roll_pages/bc7361_7362_1.jpg,,,81918,5519,12741,19595689,,231944.69,400.431358.585806,CUT,400.431358,"c(-126.5998, 54.21645)"
WHSE_IMAGERY_AND_BASE_MAPS.AIMG_PHOTO_CENTROIDS_SP.1402344,1402344,6096,1971,1971-07-27,09:20:00,54.2164,-126.5753,bc7362,242,N,Y,Film - BW,bc7362_242,093l02811,093L02,1:15840,,B-003-FSR-71,305,https://openmaps.gov.bc.ca/thumbs/1971/bc7362/bc7362_242_thumb.jpg,https://openmaps.gov.bc.ca/thumbs/logbooks/1971/roll_pages/bc7361_7362_1.jpg,,,81918,5519,12741,19595690,,231944.69,400.431358.585806,CUT,400.431358,"c(-126.5753, 54.2164)"
WHSE_IMAGERY_AND_BASE_MAPS.AIMG_PHOTO_CENTROIDS_SP.1402350,1402350,6096,1971,1971-07-27,09:20:00,54.21599,-126.4283,bc7362,248,N,Y,Film - BW,bc7362_248,093l02822,093L01,1:15840,,B-003-FSR-71,305,https://openmaps.gov.bc.ca/thumbs/1971/bc7362/bc7362_248_thumb.jpg,https://openmaps.gov.bc.ca/thumbs/logbooks/1971/roll_pages/bc7361_7362_1.jpg,,,81918,5519,12741,19595696,,231944.69,400.431358.585806,CUT,400.431358,"c(-126.4283, 54.21599)"
WHSE_IMAGERY_AND_BASE_MAPS.AIMG_PHOTO_CENTROIDS_SP.1402368,1402368,6096,1971,1971-07-27,09:20:00,54.23772,-126.622,bc7362,266,N,Y,Film - BW,bc7362_266,093l02724,093L02,1:15840,,B-003-FSR-71,305,https://openmaps.gov.bc.ca/thumbs/1971/bc7362/bc7362_266_thumb.jpg,https://openmaps.gov.bc.ca/thumbs/logbooks/1971/roll_pages/bc7361_7362_1.jpg,,,81919,5519,12741,19595714,,231944.69,400.431358.585806,CUT,400.431358,"c(-126.622, 54.23772)"
WHSE_IMAGERY_AND_BASE_MAPS.AIMG_PHOTO_CENTROIDS_SP.1402369,1402369,6096,1971,1971-07-27,09:20:00,54.23778,-126.6417,bc7362,267,N,Y,Film - BW,bc7362_267,093l02724,093L02,1:15840,,B-003-FSR-71,305,https://openmaps.gov.bc.ca/thumbs/1971/bc7362/bc7362_267_thumb.jpg,https://openmaps.gov.bc.ca/thumbs/logbooks/1971/roll_pages/bc7361_7362_1.jpg,,,81919,5519,12741,19595715,,231944.69,400.431358.585806,CUT,400.431358,"c(-126.6417, 54.23778)"
WHSE_IMAGERY_AND_BASE_MAPS.AIMG_PHOTO_CENTROIDS_SP.1414100,1414100,6096,1971,1971-08-30,10:55:00,54.49591,-126.3128,bc5440,80,N,Y,Film - BW,bc5440_080,093l04934,093L08,1:31680,,B-113-DF-71,153,https://openmaps.gov.bc.ca/thumbs/1971/bc5440/bc5440_080_thumb.jpg,https://openmaps.gov.bc.ca/thumbs/logbooks/1971/roll_pages/bc5440_2.jpg,,,82117,5497,12643,19607443,,231944.69,400.431358.585806,CUT,400.431358,"c(-126.3128, 54.49591)"
WHSE_IMAGERY_AND_BASE_MAPS.AIMG_PHOTO_CENTROIDS_SP.1414102,1414102,6096,1971,1971-08-30,10:55:00,54.54044,-126.3142,bc5440,82,N,Y,Film - BW,bc5440_082,093l05914,093L09,1:31680,,B-113-DF-71,153,https://openmaps.gov.bc.ca/thumbs/1971/bc5440/bc5440_082_thumb.jpg,https://openmaps.gov.bc.ca/thumbs/logbooks/1971/roll_pages/bc5440_2.jpg,,,82117,5497,12643,19607445,,231944.69,400.431358.585806,CUT,400.431358,"c(-126.3142, 54.54044)"
WHSE_IMAGERY_AND_BASE_MAPS.AIMG_PHOTO_CENTROIDS_SP.1414113,1414113,6096,1971,1971-08-30,10:55:00,54.52017,-126.4028,bc5440,93,N,Y,Film - BW,bc5440_093,093l05822,093L09,1:31680,,B-113-DF-71,153,https://openmaps.gov.bc.ca/thumbs/1971/bc5440/bc5440_093_thumb.jpg,https://openmaps.gov.bc.ca/thumbs/logbooks/1971/roll_pages/bc5440_2.jpg,,,82118,5497,12643,19607456,,231944.69,400.431358.585806,CUT,400.431358,"c(-126.4028, 54.52017)"
WHSE_IMAGERY_AND_BASE_MAPS.AIMG_PHOTO_CENTROIDS_SP.1414127,1414127,6096,1971,1971-08-30,10:55:00,54.19752,-126.4051,bc5440,107,N,Y,Film - BW,bc5440_107,093l01844,093L01,1:31680,,B-113-DF-71,153,https://openmaps.gov.bc.ca/thumbs/1971/bc5440/bc5440_107_thumb.jpg,https://openmaps.gov.bc.ca/thumbs/logbooks/1971/roll_pages/bc5440_2.jpg,,,82118,5497,12643,19607470,,231944.69,400.431358.585806,CUT,400.431358,"c(-126.4051, 54.19752)"
WHSE_IMAGERY_AND_BASE_MAPS.AIMG_PHOTO_CENTROIDS_SP.1414157,1414157,6096,1971,1971-08-30,10:55:00,54.50693,-126.4708,bc5440,149,N,Y,Film - BW,bc5440_149,093l05821,093L09,1:31680,,B-113-DF-71,153,https://openmaps.gov.bc.ca/thumbs/1971/bc5440/bc5440_149_thumb.jpg,https://openmaps.gov.bc.ca/thumbs/logbooks/1971/roll_pages/bc5440_2.jpg,,,82119,5497,12643,19607500,,231944.69,400.431358.585806,CUT,400.431358,"c(-126.4708, 54.50693)"
WHSE_IMAGERY_AND_BASE_MAPS.AIMG_PHOTO_CENTROIDS_SP.1414158,1414158,6096,1971,1971-08-30,10:55:00,54.53055,-126.4708,bc5440,150,N,Y,Film - BW,bc5440_150,093l05823,093L09,1:31680,,B-113-DF-71,153,https://openmaps.gov.bc.ca/thumbs/1971/bc5440/bc5440_150_thumb.jpg,https://openmaps.gov.bc.ca/thumbs/logbooks/1971/roll_pages/bc5440_2.jpg,,,82119,5497,12643,19607501,,231944.69,400.431358.585806,CUT,400.431358,"c(-126.4708, 54.53055)"
WHSE_IMAGERY_AND_BASE_MAPS.AIMG_PHOTO_CENTROIDS_SP.1414171,1414171,6096,1971,1971-08-30,10:55:00,54.45766,-126.5431,bc5440,163,N,Y,Film - BW,bc5440_163,093l04832,093L07,1:31680,,B-113-DF-71,153,https://openmaps.gov.bc.ca/thumbs/1971/bc5440/bc5440_163_thumb.jpg,https://openmaps.gov.bc.ca/thumbs/logbooks/1971/roll_pages/bc5440_2.jpg,,,82120,5497,12643,19607514,,231944.69,400.431358.585806,CUT,400.431358,"c(-126.5431, 54.45766)"
WHSE_IMAGERY_AND_BASE_MAPS.AIMG_PHOTO_CENTROIDS_SP.1414186,1414186,6096,1971,1971-08-30,10:55:00,54.2285,-126.6218,bc5440,178,N,Y,Film - BW,bc5440_178,093l02724,093L02,1:31680,,B-113-DF-71,153,https://openmaps.gov.bc.ca/thumbs/1971/bc5440/bc5440_178_thumb.jpg,https://openmaps.gov.bc.ca/thumbs/logbooks/1971/roll_pages/bc5440_2.jpg,,,82121,5497,12643,19607529,,231944.69,400.431358.585806,CUT,400.431358,"c(-126.6218, 54.2285)"
WHSE_IMAGERY_AND_BASE_MAPS.AIMG_PHOTO_CENTROIDS_SP.1414190,1414190,6096,1971,1971-08-30,10:55:00,54.32924,-126.6211,bc5440,182,N,Y,Film - BW,bc5440_182,093l03724,093L07,1:31680,,B-113-DF-71,153,https://openmaps.gov.bc.ca/thumbs/1971/bc5440/bc5440_182_thumb.jpg,https://openmaps.gov.bc.ca/thumbs/logbooks/1971/roll_pages/bc5440_2.jpg,,,82121,5497,12643,19607533,,231944.69,400.431358.585806,CUT,400.431358,"c(-126.6211, 54.32924)"
WHSE_IMAGERY_AND_BASE_MAPS.AIMG_PHOTO_CENTROIDS_SP.1414191,1414191,6096,1971,1971-08-30,10:55:00,54.35443,-126.6209,bc5440,183,N,Y,Film - BW,bc5440_183,093l03742,093L07,1:31680,,B-113-DF-71,153,https://openmaps.gov.bc.ca/thumbs/1971/bc5440/bc5440_183_thumb.jpg,https://openmaps.gov.bc.ca/thumbs/logbooks/1971/roll_pages/bc5440_2.jpg,,,82121,5497,12643,19607534,,231944.69,400.431358.585806,CUT,400.431358,"c(-126.6209, 54.35443)"
WHSE_IMAGERY_AND_BASE_MAPS.AIMG_PHOTO_CENTROIDS_SP.1414193,1414193,6096,1971,1971-08-30,10:55:00,54.4048,-126.6205,bc5440,185,N,Y,Film - BW,bc5440_185,093l04722,093L07,1:31680,,B-113-DF-71,153,https://openmaps.gov.bc.ca/thumbs/1971/bc5440/bc5440_185_thumb.jpg,https://openmaps.gov.bc.ca/thumbs/logbooks/1971/roll_pages/bc5440_2.jpg,,,82121,5497,12643,19607536,,231944.69,400.431358.585806,CUT,400.431358,"c(-126.6205, 54.4048)"
WHSE_IMAGERY_AND_BASE_MAPS.AIMG_PHOTO_CENTROIDS_SP.1414326,1414326,6096,1971,1971-06-05,09:05:00,54.28162,-126.0924,bc5420,71,N,Y,Film - BW,bc5420_071,093l03043,093L08,1:31680,,B-122-LI-71,153,https://openmaps.gov.bc.ca/thumbs/1971/bc5420/bc5420_071_thumb.jpg,https://openmaps.gov.bc.ca/thumbs/logbooks/1971/roll_pages/bc5420_1.jpg,,,82127,5464,12582,19607669,,231944.69,400.431358.585806,CUT,400.431358,"c(-126.0924, 54.28162)"
WHSE_IMAGERY_AND_BASE_MAPS.AIMG_PHOTO_CENTROIDS_SP.1414327,1414327,6096,1971,1971-06-05,09:05:00,54.30877,-126.0924,bc5420,72,N,Y,Film - BW,bc5420_072,093l04021,093L08,1:31680,,B-122-LI-71,153,https://openmaps.gov.bc.ca/thumbs/1971/bc5420/bc5420_072_thumb.jpg,https://openmaps.gov.bc.ca/thumbs/logbooks/1971/roll_pages/bc5420_1.jpg,,,82127,5464,12582,19607670,,231944.69,400.431358.585806,CUT,400.431358,"c(-126.0924, 54.30877)"
WHSE_IMAGERY_AND_BASE_MAPS.AIMG_PHOTO_CENTROIDS_SP.1414331,1414331,6096,1971,1971-06-05,09:05:00,54.41735,-126.0925,bc5420,76,N,Y,Film - BW,bc5420_076,093l05021,093L08,1:31680,,B-122-LI-71,153,https://openmaps.gov.bc.ca/thumbs/1971/bc5420/bc5420_076_thumb.jpg,https://openmaps.gov.bc.ca/thumbs/logbooks/1971/roll_pages/bc5420_1.jpg,,,82127,5464,12582,19607674,,231944.69,400.431358.585806,CUT,400.431358,"c(-126.0925, 54.41735)"
WHSE_IMAGERY_AND_BASE_MAPS.AIMG_PHOTO_CENTROIDS_SP.1414349,1414349,6096,1971,1971-06-05,09:05:00,54.39285,-126.1686,bc5420,94,N,Y,Film - BW,bc5420_094,093l04033,093L08,1:31680,,B-122-LI-71,153,https://openmaps.gov.bc.ca/thumbs/1971/bc5420/bc5420_094_thumb.jpg,https://openmaps.gov.bc.ca/thumbs/logbooks/1971/roll_pages/bc5420_1.jpg,,,82128,5464,12582,19607692,,231944.69,400.431358.585806,CUT,400.431358,"c(-126.1686, 54.39285)"
WHSE_IMAGERY_AND_BASE_MAPS.AIMG_PHOTO_CENTROIDS_SP.1414350,1414350,6096,1971,1971-06-05,09:05:00,54.3676,-126.1682,bc5420,95,N,Y,Film - BW,bc5420_095,093l04031,093L08,1:31680,,B-122-LI-71,153,https://openmaps.gov.bc.ca/thumbs/1971/bc5420/bc5420_095_thumb.jpg,https://openmaps.gov.bc.ca/thumbs/logbooks/1971/roll_pages/bc5420_1.jpg,,,82128,5464,12582,19607693,,231944.69,400.431358.585806,CUT,400.431358,"c(-126.1682, 54.3676)"
WHSE_IMAGERY_AND_BASE_MAPS.AIMG_PHOTO_CENTROIDS_SP.1414351,1414351,6096,1971,1971-06-05,09:05:00,54.34234,-126.1679,bc5420,96,N,Y,Film - BW,bc5420_096,093l04013,093L08,1:31680,,B-122-LI-71,153,https://openmaps.gov.bc.ca/thumbs/1971/bc5420/bc5420_096_thumb.jpg,https://openmaps.gov.bc.ca/thumbs/logbooks/1971/roll_pages/bc5420_1.jpg,,,82128,5464,12582,19607694,,231944.69,400.431358.585806,CUT,400.431358,"c(-126.1679, 54.34234)"
WHSE_IMAGERY_AND_BASE_MAPS.AIMG_PHOTO_CENTROIDS_SP.1414383,1414383,6096,1971,1971-06-05,09:05:00,54.4787,-126.2499,bc5420,160,N,Y,Film - BW,bc5420_160,093l04944,093L08,1:31680,,B-122-LI-71,153,https://openmaps.gov.bc.ca/thumbs/1971/bc5420/bc5420_160_thumb.jpg,https://openmaps.gov.bc.ca/thumbs/logbooks/1971/roll_pages/bc5420_1.jpg,,,82129,5464,12582,19607726,,231944.69,400.431358.585806,CUT,400.431358,"c(-126.2499, 54.4787)"
