Roll (Frame Series),Frame,Media,Photo Date,Photo Time,Scale,Focal Length (mm),Operation Tag,BCGS Mapsheet,NTS Mapsheet,Longitude,Latitude,Georeferenced?,Thumbnail Image
	bc80122,56,Film - BW,"Sep 07, 1980",11:10:00 AM,1:10000,153,B-134-F-80,093l04841,093L08,-126.4616,54.45977,No,https://openmaps.gov.bc.ca/thumbs/1980/bc80122/bc80122_056_thumb.jpg
bc80122,57,Film - BW,"Sep 07, 1980",11:10:00 AM,1:10000,153,B-134-F-80,093l04841,093L08,-126.4743,54.45982,No,https://openmaps.gov.bc.ca/thumbs/1980/bc80122/bc80122_057_thumb.jpg
bc80122,58,Film - BW,"Sep 07, 1980",11:10:00 AM,1:10000,153,B-134-F-80,093l04841,093L08,-126.4868,54.4599,No,https://openmaps.gov.bc.ca/thumbs/1980/bc80122/bc80122_058_thumb.jpg
bc80122,59,Film - BW,"Sep 07, 1980",11:10:00 AM,1:10000,153,B-134-F-80,093l04841,093L08,-126.4994,54.45999,No,https://openmaps.gov.bc.ca/thumbs/1980/bc80122/bc80122_059_thumb.jpg
bc80122,104,Film - BW,"Sep 07, 1980",11:10:00 AM,1:10000,153,B-134-F-80,093l04842,093L08,-126.4464,54.47347,No,https://openmaps.gov.bc.ca/thumbs/1980/bc80122/bc80122_104_thumb.jpg
bc80122,105,Film - BW,"Sep 07, 1980",11:10:00 AM,1:10000,153,B-134-F-80,093l04841,093L08,-126.461,54.47383,No,https://openmaps.gov.bc.ca/thumbs/1980/bc80122/bc80122_105_thumb.jpg
bc80122,106,Film - BW,"Sep 07, 1980",11:10:00 AM,1:10000,153,B-134-F-80,093l04841,093L08,-126.4755,54.47414,No,https://openmaps.gov.bc.ca/thumbs/1980/bc80122/bc80122_106_thumb.jpg
bc80122,107,Film - BW,"Sep 07, 1980",11:10:00 AM,1:10000,153,B-134-F-80,093l04841,093L08,-126.49,54.47446,No,https://openmaps.gov.bc.ca/thumbs/1980/bc80122/bc80122_107_thumb.jpg
bc80122,150,Film - BW,"Sep 07, 1980",11:10:00 AM,1:10000,153,B-134-F-80,093l04844,093L08,-126.4473,54.49014,No,https://openmaps.gov.bc.ca/thumbs/1980/bc80122/bc80122_150_thumb.jpg
bc80122,151,Film - BW,"Sep 07, 1980",11:10:00 AM,1:10000,153,B-134-F-80,093l04843,093L08,-126.4622,54.48995,No,https://openmaps.gov.bc.ca/thumbs/1980/bc80122/bc80122_151_thumb.jpg
bc80122,152,Film - BW,"Sep 07, 1980",11:10:00 AM,1:10000,153,B-134-F-80,093l04843,093L08,-126.4771,54.48978,No,https://openmaps.gov.bc.ca/thumbs/1980/bc80122/bc80122_152_thumb.jpg
bc80122,153,Film - BW,"Sep 07, 1980",11:10:00 AM,1:10000,153,B-134-F-80,093l04843,093L08,-126.4919,54.4896,No,https://openmaps.gov.bc.ca/thumbs/1980/bc80122/bc80122_153_thumb.jpg
bc78029,86,Film - BW,"May 31, 1978",3:10:00 PM,1:20000,153,B-257-MA-78,093l04823,093L08,-126.4966,54.44097,No,https://openmaps.gov.bc.ca/thumbs/1978/bc78029/bc78029_086_thumb.jpg
bc78029,87,Film - BW,"May 31, 1978",3:10:00 PM,1:20000,153,B-257-MA-78,093l04823,093L08,-126.4861,54.44091,No,https://openmaps.gov.bc.ca/thumbs/1978/bc78029/bc78029_087_thumb.jpg
bc78029,178,Film - BW,"May 31, 1978",3:35:00 PM,1:20000,153,B-108-E-78,093l04843,093L08,-126.4894,54.48689,No,https://openmaps.gov.bc.ca/thumbs/1978/bc78029/bc78029_178_thumb.jpg
bc78029,179,Film - BW,"May 31, 1978",3:35:00 PM,1:20000,153,B-108-E-78,093l04843,093L08,-126.4735,54.49613,No,https://openmaps.gov.bc.ca/thumbs/1978/bc78029/bc78029_179_thumb.jpg
bc78029,201,Film - BW,"May 31, 1978",3:35:00 PM,1:20000,153,B-108-E-78,093l04943,093L08,-126.2823,54.49163,No,https://openmaps.gov.bc.ca/thumbs/1978/bc78029/bc78029_201_thumb.jpg
bc78029,202,Film - BW,"May 31, 1978",3:35:00 PM,1:20000,153,B-108-E-78,093l04943,093L08,-126.2678,54.48143,No,https://openmaps.gov.bc.ca/thumbs/1978/bc78029/bc78029_202_thumb.jpg
bc78029,203,Film - BW,"May 31, 1978",3:35:00 PM,1:20000,153,B-108-E-78,093l04941,093L08,-126.2533,54.47122,No,https://openmaps.gov.bc.ca/thumbs/1978/bc78029/bc78029_203_thumb.jpg
bc78029,204,Film - BW,"May 31, 1978",3:35:00 PM,1:20000,153,B-108-E-78,093l04942,093L08,-126.2389,54.46101,No,https://openmaps.gov.bc.ca/thumbs/1978/bc78029/bc78029_204_thumb.jpg
bc78029,205,Film - BW,"May 31, 1978",3:35:00 PM,1:20000,153,B-108-E-78,093l04942,093L08,-126.2244,54.4508,No,https://openmaps.gov.bc.ca/thumbs/1978/bc78029/bc78029_205_thumb.jpg
bc78029,206,Film - BW,"May 31, 1978",3:35:00 PM,1:20000,153,B-108-E-78,093l04924,093L08,-126.2119,54.44017,No,https://openmaps.gov.bc.ca/thumbs/1978/bc78029/bc78029_206_thumb.jpg
bc78029,207,Film - BW,"May 31, 1978",3:35:00 PM,1:20000,153,B-108-E-78,093l05013,093L08,-126.1995,54.42958,No,https://openmaps.gov.bc.ca/thumbs/1978/bc78029/bc78029_207_thumb.jpg
bc78029,208,Film - BW,"May 31, 1978",3:35:00 PM,1:20000,153,B-108-E-78,093l05011,093L08,-126.1871,54.41899,No,https://openmaps.gov.bc.ca/thumbs/1978/bc78029/bc78029_208_thumb.jpg
bc78029,209,Film - BW,"May 31, 1978",3:35:00 PM,1:20000,153,B-108-E-78,093l05011,093L08,-126.1746,54.40839,No,https://openmaps.gov.bc.ca/thumbs/1978/bc78029/bc78029_209_thumb.jpg
bc78029,210,Film - BW,"May 31, 1978",3:35:00 PM,1:20000,153,B-108-E-78,093l04033,093L08,-126.1622,54.3978,No,https://openmaps.gov.bc.ca/thumbs/1978/bc78029/bc78029_210_thumb.jpg
bc78029,211,Film - BW,"May 31, 1978",3:35:00 PM,1:20000,153,B-108-E-78,093l04034,093L08,-126.1487,54.38598,No,https://openmaps.gov.bc.ca/thumbs/1978/bc78029/bc78029_211_thumb.jpg
bc78029,212,Film - BW,"May 31, 1978",3:35:00 PM,1:20000,153,B-108-E-78,093l04032,093L08,-126.1353,54.37418,No,https://openmaps.gov.bc.ca/thumbs/1978/bc78029/bc78029_212_thumb.jpg
bc78029,213,Film - BW,"May 31, 1978",3:35:00 PM,1:20000,153,B-108-E-78,093l04032,093L08,-126.1219,54.36238,No,https://openmaps.gov.bc.ca/thumbs/1978/bc78029/bc78029_213_thumb.jpg
bc78029,214,Film - BW,"May 31, 1978",3:35:00 PM,1:20000,153,B-108-E-78,093l04031,093L08,-126.1592,54.35427,No,https://openmaps.gov.bc.ca/thumbs/1978/bc78029/bc78029_214_thumb.jpg
bc78029,215,Film - BW,"May 31, 1978",3:35:00 PM,1:20000,153,B-108-E-78,093l04032,093L08,-126.1367,54.36121,No,https://openmaps.gov.bc.ca/thumbs/1978/bc78029/bc78029_215_thumb.jpg
bc78029,216,Film - BW,"May 31, 1978",3:35:00 PM,1:20000,153,B-108-E-78,093l04032,093L08,-126.1161,54.36769,No,https://openmaps.gov.bc.ca/thumbs/1978/bc78029/bc78029_216_thumb.jpg
bc78029,217,Film - BW,"May 31, 1978",3:35:00 PM,1:20000,153,B-108-E-78,093l04041,093L08,-126.0954,54.37416,No,https://openmaps.gov.bc.ca/thumbs/1978/bc78029/bc78029_217_thumb.jpg
bc78029,218,Film - BW,"May 31, 1978",3:35:00 PM,1:20000,153,B-108-E-78,093l04043,093L08,-126.0747,54.38063,No,https://openmaps.gov.bc.ca/thumbs/1978/bc78029/bc78029_218_thumb.jpg
bc78029,219,Film - BW,"May 31, 1978",3:35:00 PM,1:20000,153,B-108-E-78,093l04043,093L08,-126.0541,54.3871,No,https://openmaps.gov.bc.ca/thumbs/1978/bc78029/bc78029_219_thumb.jpg
bc78029,220,Film - BW,"May 31, 1978",3:35:00 PM,1:20000,153,B-108-E-78,093l04044,093L08,-126.0333,54.39357,No,https://openmaps.gov.bc.ca/thumbs/1978/bc78029/bc78029_220_thumb.jpg
bc78029,221,Film - BW,"May 31, 1978",3:35:00 PM,1:20000,153,B-108-E-78,093l05022,093L08,-126.0096,54.40204,No,https://openmaps.gov.bc.ca/thumbs/1978/bc78029/bc78029_221_thumb.jpg
bc5710,248,Film - BW,"May 07, 1976",11:46:00 AM,1:18000,153,B-258-WR-76,093l04841,093L08,-126.4915,54.4725,No,https://openmaps.gov.bc.ca/thumbs/1976/bc5710/bc5710_248_thumb.jpg
bc5710,249,Film - BW,"May 07, 1976",11:46:00 AM,1:18000,153,B-258-WR-76,093l04843,093L08,-126.47,54.48137,No,https://openmaps.gov.bc.ca/thumbs/1976/bc5710/bc5710_249_thumb.jpg
bc5710,250,Film - BW,"May 07, 1976",11:46:00 AM,1:18000,153,B-258-WR-76,093l04844,093L08,-126.4485,54.49033,No,https://openmaps.gov.bc.ca/thumbs/1976/bc5710/bc5710_250_thumb.jpg
bc7727,1,Film - BW,"Jul 05, 1975",12:40:00 PM,1:20000,305,B-010-FI-75,093l04821,093L08,-126.4593,54.41837,No,https://openmaps.gov.bc.ca/thumbs/1975/bc7727/bc7727_001_thumb.jpg
bc7727,2,Film - BW,"Jul 05, 1975",12:40:00 PM,1:20000,305,B-010-FI-75,093l04822,093L08,-126.4337,54.41787,No,https://openmaps.gov.bc.ca/thumbs/1975/bc7727/bc7727_002_thumb.jpg
bc7727,3,Film - BW,"Jul 05, 1975",12:40:00 PM,1:20000,305,B-010-FI-75,093l04822,093L08,-126.408,54.41738,No,https://openmaps.gov.bc.ca/thumbs/1975/bc7727/bc7727_003_thumb.jpg
bc7727,4,Film - BW,"Jul 05, 1975",12:40:00 PM,1:20000,305,B-010-FI-75,093l04911,093L08,-126.3823,54.41688,No,https://openmaps.gov.bc.ca/thumbs/1975/bc7727/bc7727_004_thumb.jpg
bc7727,5,Film - BW,"Jul 05, 1975",12:40:00 PM,1:20000,305,B-010-FI-75,093l04911,093L08,-126.3567,54.41637,No,https://openmaps.gov.bc.ca/thumbs/1975/bc7727/bc7727_005_thumb.jpg
bc7727,6,Film - BW,"Jul 05, 1975",12:40:00 PM,1:20000,305,B-010-FI-75,093l04912,093L08,-126.331,54.41586,No,https://openmaps.gov.bc.ca/thumbs/1975/bc7727/bc7727_006_thumb.jpg
bc7727,7,Film - BW,"Jul 05, 1975",12:40:00 PM,1:20000,305,B-010-FI-75,093l04912,093L08,-126.3053,54.41535,No,https://openmaps.gov.bc.ca/thumbs/1975/bc7727/bc7727_007_thumb.jpg
bc7727,8,Film - BW,"Jul 05, 1975",12:40:00 PM,1:20000,305,B-010-FI-75,093l04921,093L08,-126.2797,54.41483,No,https://openmaps.gov.bc.ca/thumbs/1975/bc7727/bc7727_008_thumb.jpg
bc7727,9,Film - BW,"Jul 05, 1975",12:40:00 PM,1:20000,305,B-010-FI-75,093l04921,093L08,-126.254,54.4143,No,https://openmaps.gov.bc.ca/thumbs/1975/bc7727/bc7727_009_thumb.jpg
bc7727,10,Film - BW,"Jul 05, 1975",12:40:00 PM,1:20000,305,B-010-FI-75,093l04922,093L08,-126.2282,54.4138,No,https://openmaps.gov.bc.ca/thumbs/1975/bc7727/bc7727_010_thumb.jpg
bc7727,11,Film - BW,"Jul 05, 1975",12:40:00 PM,1:20000,305,B-010-FI-75,093l04922,093L08,-126.201,54.41326,No,https://openmaps.gov.bc.ca/thumbs/1975/bc7727/bc7727_011_thumb.jpg
bc7727,12,Film - BW,"Jul 05, 1975",12:40:00 PM,1:20000,305,B-010-FI-75,093l05011,093L08,-126.1738,54.41272,No,https://openmaps.gov.bc.ca/thumbs/1975/bc7727/bc7727_012_thumb.jpg
bc7727,13,Film - BW,"Jul 05, 1975",12:40:00 PM,1:20000,305,B-010-FI-75,093l05012,093L08,-126.1466,54.41216,No,https://openmaps.gov.bc.ca/thumbs/1975/bc7727/bc7727_013_thumb.jpg
bc7727,14,Film - BW,"Jul 05, 1975",12:40:00 PM,1:20000,305,B-010-FI-75,093l05012,093L08,-126.1193,54.41161,No,https://openmaps.gov.bc.ca/thumbs/1975/bc7727/bc7727_014_thumb.jpg
bc7727,15,Film - BW,"Jul 05, 1975",12:40:00 PM,1:20000,305,B-010-FI-75,093l05021,093L08,-126.0921,54.41105,No,https://openmaps.gov.bc.ca/thumbs/1975/bc7727/bc7727_015_thumb.jpg
bc7727,16,Film - BW,"Jul 05, 1975",12:40:00 PM,1:20000,305,B-010-FI-75,093l05021,093L08,-126.0649,54.41048,No,https://openmaps.gov.bc.ca/thumbs/1975/bc7727/bc7727_016_thumb.jpg
bc7727,17,Film - BW,"Jul 05, 1975",12:40:00 PM,1:20000,305,B-010-FI-75,093l05022,093L08,-126.0376,54.4099,No,https://openmaps.gov.bc.ca/thumbs/1975/bc7727/bc7727_017_thumb.jpg
bc7727,18,Film - BW,"Jul 05, 1975",12:40:00 PM,1:20000,305,B-010-FI-75,093l05022,093L08,-126.0103,54.40932,No,https://openmaps.gov.bc.ca/thumbs/1975/bc7727/bc7727_018_thumb.jpg
bc7727,69,Film - BW,"Jul 05, 1975",12:40:00 PM,1:20000,305,B-010-FI-75,093l05024,093L08,-126.0245,54.43826,No,https://openmaps.gov.bc.ca/thumbs/1975/bc7727/bc7727_069_thumb.jpg
bc7727,70,Film - BW,"Jul 05, 1975",12:40:00 PM,1:20000,305,B-010-FI-75,093l05023,093L08,-126.0527,54.4382,No,https://openmaps.gov.bc.ca/thumbs/1975/bc7727/bc7727_070_thumb.jpg
bc7727,71,Film - BW,"Jul 05, 1975",12:40:00 PM,1:20000,305,B-010-FI-75,093l05023,093L08,-126.0807,54.43821,No,https://openmaps.gov.bc.ca/thumbs/1975/bc7727/bc7727_071_thumb.jpg
bc7727,72,Film - BW,"Jul 05, 1975",12:40:00 PM,1:20000,305,B-010-FI-75,093l05014,093L08,-126.1087,54.43821,No,https://openmaps.gov.bc.ca/thumbs/1975/bc7727/bc7727_072_thumb.jpg
bc7727,73,Film - BW,"Jul 05, 1975",12:40:00 PM,1:20000,305,B-010-FI-75,093l05014,093L08,-126.1367,54.4382,No,https://openmaps.gov.bc.ca/thumbs/1975/bc7727/bc7727_073_thumb.jpg
bc7727,74,Film - BW,"Jul 05, 1975",12:40:00 PM,1:20000,305,B-010-FI-75,093l05013,093L08,-126.1647,54.43819,No,https://openmaps.gov.bc.ca/thumbs/1975/bc7727/bc7727_074_thumb.jpg
bc7727,75,Film - BW,"Jul 05, 1975",12:40:00 PM,1:20000,305,B-010-FI-75,093l05013,093L08,-126.1927,54.43817,No,https://openmaps.gov.bc.ca/thumbs/1975/bc7727/bc7727_075_thumb.jpg
bc7727,76,Film - BW,"Jul 05, 1975",12:40:00 PM,1:20000,305,B-010-FI-75,093l04924,093L08,-126.2207,54.43814,No,https://openmaps.gov.bc.ca/thumbs/1975/bc7727/bc7727_076_thumb.jpg
bc7727,77,Film - BW,"Jul 05, 1975",12:40:00 PM,1:20000,305,B-010-FI-75,093l04924,093L08,-126.2487,54.43811,No,https://openmaps.gov.bc.ca/thumbs/1975/bc7727/bc7727_077_thumb.jpg
bc7727,78,Film - BW,"Jul 05, 1975",12:40:00 PM,1:20000,305,B-010-FI-75,093l04923,093L08,-126.2768,54.43807,No,https://openmaps.gov.bc.ca/thumbs/1975/bc7727/bc7727_078_thumb.jpg
bc7727,79,Film - BW,"Jul 05, 1975",12:40:00 PM,1:20000,305,B-010-FI-75,093l04914,093L08,-126.3048,54.43803,No,https://openmaps.gov.bc.ca/thumbs/1975/bc7727/bc7727_079_thumb.jpg
bc7727,80,Film - BW,"Jul 05, 1975",12:40:00 PM,1:20000,305,B-010-FI-75,093l04914,093L08,-126.3328,54.43798,No,https://openmaps.gov.bc.ca/thumbs/1975/bc7727/bc7727_080_thumb.jpg
bc7727,81,Film - BW,"Jul 05, 1975",12:40:00 PM,1:20000,305,B-010-FI-75,093l04913,093L08,-126.3608,54.43792,No,https://openmaps.gov.bc.ca/thumbs/1975/bc7727/bc7727_081_thumb.jpg
bc7727,82,Film - BW,"Jul 05, 1975",12:40:00 PM,1:20000,305,B-010-FI-75,093l04913,093L08,-126.3888,54.43785,No,https://openmaps.gov.bc.ca/thumbs/1975/bc7727/bc7727_082_thumb.jpg
bc7727,83,Film - BW,"Jul 05, 1975",12:40:00 PM,1:20000,305,B-010-FI-75,093l04824,093L08,-126.4168,54.43778,No,https://openmaps.gov.bc.ca/thumbs/1975/bc7727/bc7727_083_thumb.jpg
bc7727,84,Film - BW,"Jul 05, 1975",12:40:00 PM,1:20000,305,B-010-FI-75,093l04824,093L08,-126.4448,54.4377,No,https://openmaps.gov.bc.ca/thumbs/1975/bc7727/bc7727_084_thumb.jpg
bc7727,85,Film - BW,"Jul 05, 1975",12:40:00 PM,1:20000,305,B-009-FI-75,093l04823,093L08,-126.4728,54.43762,No,https://openmaps.gov.bc.ca/thumbs/1975/bc7727/bc7727_085_thumb.jpg
bc7728,80,Film - BW,"Jul 05, 1975",12:40:00 PM,1:20000,305,B-009-FI-75,093l04841,093L08,-126.4937,54.46719,No,https://openmaps.gov.bc.ca/thumbs/1975/bc7728/bc7728_080_thumb.jpg
bc7728,81,Film - BW,"Jul 05, 1975",12:40:00 PM,1:20000,305,B-009-FI-75,093l04841,093L08,-126.4685,54.46724,No,https://openmaps.gov.bc.ca/thumbs/1975/bc7728/bc7728_081_thumb.jpg
bc7728,82,Film - BW,"Jul 05, 1975",12:40:00 PM,1:20000,305,B-009-FI-75,093l04842,093L08,-126.4358,54.46775,No,https://openmaps.gov.bc.ca/thumbs/1975/bc7728/bc7728_082_thumb.jpg
bc7728,83,Film - BW,"Jul 05, 1975",12:40:00 PM,1:20000,305,B-009-FI-75,093l04842,093L08,-126.4031,54.46825,No,https://openmaps.gov.bc.ca/thumbs/1975/bc7728/bc7728_083_thumb.jpg
bc7728,94,Film - BW,"Jul 05, 1975",12:40:00 PM,1:20000,305,B-009-FI-75,093l05044,093L08,-126.0083,54.49518,No,https://openmaps.gov.bc.ca/thumbs/1975/bc7728/bc7728_094_thumb.jpg
bc7728,95,Film - BW,"Jul 05, 1975",12:40:00 PM,1:20000,305,B-009-FI-75,093l05044,093L08,-126.0353,54.4952,No,https://openmaps.gov.bc.ca/thumbs/1975/bc7728/bc7728_095_thumb.jpg
bc7728,96,Film - BW,"Jul 05, 1975",12:40:00 PM,1:20000,305,B-009-FI-75,093l05043,093L08,-126.0621,54.49529,No,https://openmaps.gov.bc.ca/thumbs/1975/bc7728/bc7728_096_thumb.jpg
bc7728,97,Film - BW,"Jul 05, 1975",12:40:00 PM,1:20000,305,B-009-FI-75,093l05043,093L08,-126.089,54.49536,No,https://openmaps.gov.bc.ca/thumbs/1975/bc7728/bc7728_097_thumb.jpg
bc7728,98,Film - BW,"Jul 05, 1975",12:40:00 PM,1:20000,305,B-009-FI-75,093l05034,093L08,-126.1158,54.49543,No,https://openmaps.gov.bc.ca/thumbs/1975/bc7728/bc7728_098_thumb.jpg
bc7728,99,Film - BW,"Jul 05, 1975",12:40:00 PM,1:20000,305,B-009-FI-75,093l05034,093L08,-126.1426,54.49549,No,https://openmaps.gov.bc.ca/thumbs/1975/bc7728/bc7728_099_thumb.jpg
bc7728,100,Film - BW,"Jul 05, 1975",12:40:00 PM,1:20000,305,B-009-FI-75,093l05033,093L08,-126.1694,54.49554,No,https://openmaps.gov.bc.ca/thumbs/1975/bc7728/bc7728_100_thumb.jpg
bc7728,101,Film - BW,"Jul 05, 1975",12:40:00 PM,1:20000,305,B-009-FI-75,093l05033,093L08,-126.1963,54.49559,No,https://openmaps.gov.bc.ca/thumbs/1975/bc7728/bc7728_101_thumb.jpg
bc7728,102,Film - BW,"Jul 05, 1975",12:40:00 PM,1:20000,305,B-009-FI-75,093l04944,093L08,-126.2231,54.49564,No,https://openmaps.gov.bc.ca/thumbs/1975/bc7728/bc7728_102_thumb.jpg
bc7728,103,Film - BW,"Jul 05, 1975",12:40:00 PM,1:20000,305,B-009-FI-75,093l04944,093L08,-126.2499,54.49568,No,https://openmaps.gov.bc.ca/thumbs/1975/bc7728/bc7728_103_thumb.jpg
bc7728,104,Film - BW,"Jul 05, 1975",12:40:00 PM,1:20000,305,B-009-FI-75,093l04943,093L08,-126.2767,54.49571,No,https://openmaps.gov.bc.ca/thumbs/1975/bc7728/bc7728_104_thumb.jpg
bc7728,105,Film - BW,"Jul 05, 1975",12:40:00 PM,1:20000,305,B-009-FI-75,093l04934,093L08,-126.3036,54.49574,No,https://openmaps.gov.bc.ca/thumbs/1975/bc7728/bc7728_105_thumb.jpg
bc7728,106,Film - BW,"Jul 05, 1975",12:40:00 PM,1:20000,305,B-009-FI-75,093l04934,093L08,-126.3304,54.49575,No,https://openmaps.gov.bc.ca/thumbs/1975/bc7728/bc7728_106_thumb.jpg
bc7728,107,Film - BW,"Jul 05, 1975",12:40:00 PM,1:20000,305,B-009-FI-75,093l04933,093L08,-126.3572,54.49577,No,https://openmaps.gov.bc.ca/thumbs/1975/bc7728/bc7728_107_thumb.jpg
bc7728,108,Film - BW,"Jul 05, 1975",12:40:00 PM,1:20000,305,B-009-FI-75,093l04933,093L08,-126.384,54.49578,No,https://openmaps.gov.bc.ca/thumbs/1975/bc7728/bc7728_108_thumb.jpg
bc7728,109,Film - BW,"Jul 05, 1975",12:40:00 PM,1:20000,305,B-009-FI-75,093l04844,093L08,-126.4109,54.49578,No,https://openmaps.gov.bc.ca/thumbs/1975/bc7728/bc7728_109_thumb.jpg
bc7728,110,Film - BW,"Jul 05, 1975",12:40:00 PM,1:20000,305,B-009-FI-75,093l04844,093L08,-126.4377,54.49578,No,https://openmaps.gov.bc.ca/thumbs/1975/bc7728/bc7728_110_thumb.jpg
bc7728,111,Film - BW,"Jul 05, 1975",12:40:00 PM,1:20000,305,B-009-FI-75,093l04843,093L08,-126.4645,54.49577,No,https://openmaps.gov.bc.ca/thumbs/1975/bc7728/bc7728_111_thumb.jpg
bc7728,112,Film - BW,"Jul 05, 1975",12:40:00 PM,1:20000,305,B-009-FI-75,093l04843,093L08,-126.491,54.49571,No,https://openmaps.gov.bc.ca/thumbs/1975/bc7728/bc7728_112_thumb.jpg
bc7739,243,Film - BW,"Jul 05, 1975",8:50:00 AM,1:20000,305,B-010-FI-75,093l02841,093L08,-126.484,54.2687,No,https://openmaps.gov.bc.ca/thumbs/1975/bc7739/bc7739_243_thumb.jpg
bc7739,244,Film - BW,"Jul 05, 1975",8:50:00 AM,1:20000,305,B-010-FI-75,093l02841,093L08,-126.4584,54.26898,No,https://openmaps.gov.bc.ca/thumbs/1975/bc7739/bc7739_244_thumb.jpg
bc7739,245,Film - BW,"Jul 05, 1975",8:50:00 AM,1:20000,305,B-010-FI-75,093l02842,093L08,-126.4326,54.26886,No,https://openmaps.gov.bc.ca/thumbs/1975/bc7739/bc7739_245_thumb.jpg
bc7739,246,Film - BW,"Jul 05, 1975",8:50:00 AM,1:20000,305,B-010-FI-75,093l02842,093L08,-126.4068,54.26873,No,https://openmaps.gov.bc.ca/thumbs/1975/bc7739/bc7739_246_thumb.jpg
bc7739,247,Film - BW,"Jul 05, 1975",8:50:00 AM,1:20000,305,B-010-FI-75,093l02931,093L08,-126.381,54.26859,No,https://openmaps.gov.bc.ca/thumbs/1975/bc7739/bc7739_247_thumb.jpg
bc7739,248,Film - BW,"Jul 05, 1975",8:50:00 AM,1:20000,305,B-010-FI-75,093l02931,093L08,-126.3553,54.26845,No,https://openmaps.gov.bc.ca/thumbs/1975/bc7739/bc7739_248_thumb.jpg
bc7739,249,Film - BW,"Jul 05, 1975",8:50:00 AM,1:20000,305,B-010-FI-75,093l02932,093L08,-126.3295,54.2683,No,https://openmaps.gov.bc.ca/thumbs/1975/bc7739/bc7739_249_thumb.jpg
bc7739,250,Film - BW,"Jul 05, 1975",8:50:00 AM,1:20000,305,B-010-FI-75,093l02932,093L08,-126.3037,54.26815,No,https://openmaps.gov.bc.ca/thumbs/1975/bc7739/bc7739_250_thumb.jpg
bc7739,251,Film - BW,"Jul 05, 1975",8:50:00 AM,1:20000,305,B-010-FI-75,093l02941,093L08,-126.2779,54.26799,No,https://openmaps.gov.bc.ca/thumbs/1975/bc7739/bc7739_251_thumb.jpg
bc7739,252,Film - BW,"Jul 05, 1975",8:50:00 AM,1:20000,305,B-010-FI-75,093l02941,093L08,-126.2521,54.26783,No,https://openmaps.gov.bc.ca/thumbs/1975/bc7739/bc7739_252_thumb.jpg
bc7739,253,Film - BW,"Jul 05, 1975",8:50:00 AM,1:20000,305,B-010-FI-75,093l02942,093L08,-126.2264,54.26766,No,https://openmaps.gov.bc.ca/thumbs/1975/bc7739/bc7739_253_thumb.jpg
bc7739,254,Film - BW,"Jul 05, 1975",8:50:00 AM,1:20000,305,B-010-FI-75,093l02942,093L08,-126.2006,54.26749,No,https://openmaps.gov.bc.ca/thumbs/1975/bc7739/bc7739_254_thumb.jpg
bc7739,255,Film - BW,"Jul 05, 1975",8:50:00 AM,1:20000,305,B-010-FI-75,093l03031,093L08,-126.1748,54.26731,No,https://openmaps.gov.bc.ca/thumbs/1975/bc7739/bc7739_255_thumb.jpg
bc7739,256,Film - BW,"Jul 05, 1975",8:50:00 AM,1:20000,305,B-010-FI-75,093l03032,093L08,-126.149,54.26713,No,https://openmaps.gov.bc.ca/thumbs/1975/bc7739/bc7739_256_thumb.jpg
bc7739,257,Film - BW,"Jul 05, 1975",8:50:00 AM,1:20000,305,B-010-FI-75,093l03032,093L08,-126.1233,54.26694,No,https://openmaps.gov.bc.ca/thumbs/1975/bc7739/bc7739_257_thumb.jpg
bc7739,258,Film - BW,"Jul 05, 1975",8:50:00 AM,1:20000,305,B-010-FI-75,093l03041,093L08,-126.0975,54.26674,No,https://openmaps.gov.bc.ca/thumbs/1975/bc7739/bc7739_258_thumb.jpg
bc7739,259,Film - BW,"Jul 05, 1975",8:50:00 AM,1:20000,305,B-010-FI-75,093l03041,093L08,-126.0717,54.26654,No,https://openmaps.gov.bc.ca/thumbs/1975/bc7739/bc7739_259_thumb.jpg
bc7739,260,Film - BW,"Jul 05, 1975",8:50:00 AM,1:20000,305,B-010-FI-75,093l03042,093L08,-126.0459,54.26633,No,https://openmaps.gov.bc.ca/thumbs/1975/bc7739/bc7739_260_thumb.jpg
bc7739,261,Film - BW,"Jul 05, 1975",8:50:00 AM,1:20000,305,B-010-FI-75,093l03042,093L08,-126.0199,54.26613,No,https://openmaps.gov.bc.ca/thumbs/1975/bc7739/bc7739_261_thumb.jpg
bc7740,49,Film - BW,"Jul 05, 1975",8:50:00 AM,1:20000,305,B-010-FI-75,093l03044,093L08,-126.0105,54.29397,No,https://openmaps.gov.bc.ca/thumbs/1975/bc7740/bc7740_049_thumb.jpg
bc7740,50,Film - BW,"Jul 05, 1975",8:50:00 AM,1:20000,305,B-010-FI-75,093l03044,093L08,-126.0346,54.2941,No,https://openmaps.gov.bc.ca/thumbs/1975/bc7740/bc7740_050_thumb.jpg
bc7740,51,Film - BW,"Jul 05, 1975",8:50:00 AM,1:20000,305,B-010-FI-75,093l03043,093L08,-126.0584,54.29424,No,https://openmaps.gov.bc.ca/thumbs/1975/bc7740/bc7740_051_thumb.jpg
bc7740,52,Film - BW,"Jul 05, 1975",8:50:00 AM,1:20000,305,B-010-FI-75,093l03043,093L08,-126.0822,54.29438,No,https://openmaps.gov.bc.ca/thumbs/1975/bc7740/bc7740_052_thumb.jpg
bc7740,53,Film - BW,"Jul 05, 1975",8:50:00 AM,1:20000,305,B-010-FI-75,093l03034,093L08,-126.106,54.29451,No,https://openmaps.gov.bc.ca/thumbs/1975/bc7740/bc7740_053_thumb.jpg
bc7740,54,Film - BW,"Jul 05, 1975",8:50:00 AM,1:20000,305,B-010-FI-75,093l03034,093L08,-126.1298,54.29464,No,https://openmaps.gov.bc.ca/thumbs/1975/bc7740/bc7740_054_thumb.jpg
bc7740,55,Film - BW,"Jul 05, 1975",8:50:00 AM,1:20000,305,B-010-FI-75,093l03033,093L08,-126.1536,54.29477,No,https://openmaps.gov.bc.ca/thumbs/1975/bc7740/bc7740_055_thumb.jpg
bc7740,56,Film - BW,"Jul 05, 1975",8:50:00 AM,1:20000,305,B-010-FI-75,093l03033,093L08,-126.1775,54.29489,No,https://openmaps.gov.bc.ca/thumbs/1975/bc7740/bc7740_056_thumb.jpg
bc7740,57,Film - BW,"Jul 05, 1975",8:50:00 AM,1:20000,305,B-010-FI-75,093l02944,093L08,-126.2013,54.295,No,https://openmaps.gov.bc.ca/thumbs/1975/bc7740/bc7740_057_thumb.jpg
bc7740,58,Film - BW,"Jul 05, 1975",8:50:00 AM,1:20000,305,B-010-FI-75,093l02944,093L08,-126.2251,54.29511,No,https://openmaps.gov.bc.ca/thumbs/1975/bc7740/bc7740_058_thumb.jpg
bc7740,59,Film - BW,"Jul 05, 1975",8:50:00 AM,1:20000,305,B-010-FI-75,093l02944,093L08,-126.2489,54.29522,No,https://openmaps.gov.bc.ca/thumbs/1975/bc7740/bc7740_059_thumb.jpg
bc7740,60,Film - BW,"Jul 05, 1975",8:50:00 AM,1:20000,305,B-010-FI-75,093l02943,093L08,-126.2727,54.29531,No,https://openmaps.gov.bc.ca/thumbs/1975/bc7740/bc7740_060_thumb.jpg
bc7740,61,Film - BW,"Jul 05, 1975",8:50:00 AM,1:20000,305,B-010-FI-75,093l02943,093L08,-126.2965,54.29541,No,https://openmaps.gov.bc.ca/thumbs/1975/bc7740/bc7740_061_thumb.jpg
bc7740,62,Film - BW,"Jul 05, 1975",8:50:00 AM,1:20000,305,B-010-FI-75,093l02934,093L08,-126.3204,54.29551,No,https://openmaps.gov.bc.ca/thumbs/1975/bc7740/bc7740_062_thumb.jpg
bc7740,63,Film - BW,"Jul 05, 1975",8:50:00 AM,1:20000,305,B-010-FI-75,093l02934,093L08,-126.3442,54.29559,No,https://openmaps.gov.bc.ca/thumbs/1975/bc7740/bc7740_063_thumb.jpg
bc7740,64,Film - BW,"Jul 05, 1975",8:50:00 AM,1:20000,305,B-010-FI-75,093l02933,093L08,-126.368,54.29567,No,https://openmaps.gov.bc.ca/thumbs/1975/bc7740/bc7740_064_thumb.jpg
bc7740,65,Film - BW,"Jul 05, 1975",8:50:00 AM,1:20000,305,B-010-FI-75,093l02933,093L08,-126.3918,54.29575,No,https://openmaps.gov.bc.ca/thumbs/1975/bc7740/bc7740_065_thumb.jpg
bc7740,66,Film - BW,"Jul 05, 1975",8:50:00 AM,1:20000,305,B-010-FI-75,093l03911,093L08,-126.377,54.32407,No,https://openmaps.gov.bc.ca/thumbs/1975/bc7740/bc7740_066_thumb.jpg
bc7740,67,Film - BW,"Jul 05, 1975",8:50:00 AM,1:20000,305,B-010-FI-75,093l03911,093L08,-126.3522,54.32402,No,https://openmaps.gov.bc.ca/thumbs/1975/bc7740/bc7740_067_thumb.jpg
bc7740,68,Film - BW,"Jul 05, 1975",8:50:00 AM,1:20000,305,B-010-FI-75,093l03912,093L08,-126.3273,54.32397,No,https://openmaps.gov.bc.ca/thumbs/1975/bc7740/bc7740_068_thumb.jpg
bc7740,69,Film - BW,"Jul 05, 1975",8:50:00 AM,1:20000,305,B-010-FI-75,093l03912,093L08,-126.3024,54.32391,No,https://openmaps.gov.bc.ca/thumbs/1975/bc7740/bc7740_069_thumb.jpg
bc7740,70,Film - BW,"Jul 05, 1975",8:50:00 AM,1:20000,305,B-010-FI-75,093l03921,093L08,-126.2776,54.32385,No,https://openmaps.gov.bc.ca/thumbs/1975/bc7740/bc7740_070_thumb.jpg
bc7740,71,Film - BW,"Jul 05, 1975",8:50:00 AM,1:20000,305,B-010-FI-75,093l03921,093L08,-126.2527,54.32378,No,https://openmaps.gov.bc.ca/thumbs/1975/bc7740/bc7740_071_thumb.jpg
bc7740,72,Film - BW,"Jul 05, 1975",8:50:00 AM,1:20000,305,B-010-FI-75,093l03922,093L08,-126.2279,54.3237,No,https://openmaps.gov.bc.ca/thumbs/1975/bc7740/bc7740_072_thumb.jpg
bc7740,73,Film - BW,"Jul 05, 1975",8:50:00 AM,1:20000,305,B-010-FI-75,093l03922,093L08,-126.203,54.32362,No,https://openmaps.gov.bc.ca/thumbs/1975/bc7740/bc7740_073_thumb.jpg
bc7740,74,Film - BW,"Jul 05, 1975",8:50:00 AM,1:20000,305,B-010-FI-75,093l04011,093L08,-126.1781,54.32354,No,https://openmaps.gov.bc.ca/thumbs/1975/bc7740/bc7740_074_thumb.jpg
bc7740,75,Film - BW,"Jul 05, 1975",8:50:00 AM,1:20000,305,B-010-FI-75,093l04011,093L08,-126.1533,54.32345,No,https://openmaps.gov.bc.ca/thumbs/1975/bc7740/bc7740_075_thumb.jpg
bc7740,76,Film - BW,"Jul 05, 1975",8:50:00 AM,1:20000,305,B-010-FI-75,093l04012,093L08,-126.1284,54.32335,No,https://openmaps.gov.bc.ca/thumbs/1975/bc7740/bc7740_076_thumb.jpg
bc7740,77,Film - BW,"Jul 05, 1975",8:50:00 AM,1:20000,305,B-010-FI-75,093l04012,093L08,-126.1035,54.32325,No,https://openmaps.gov.bc.ca/thumbs/1975/bc7740/bc7740_077_thumb.jpg
bc7740,78,Film - BW,"Jul 05, 1975",8:50:00 AM,1:20000,305,B-010-FI-75,093l04021,093L08,-126.0787,54.32315,No,https://openmaps.gov.bc.ca/thumbs/1975/bc7740/bc7740_078_thumb.jpg
bc7740,79,Film - BW,"Jul 05, 1975",8:50:00 AM,1:20000,305,B-010-FI-75,093l04021,093L08,-126.0538,54.32304,No,https://openmaps.gov.bc.ca/thumbs/1975/bc7740/bc7740_079_thumb.jpg
bc7740,80,Film - BW,"Jul 05, 1975",8:50:00 AM,1:20000,305,B-010-FI-75,093l04022,093L08,-126.0288,54.32299,No,https://openmaps.gov.bc.ca/thumbs/1975/bc7740/bc7740_080_thumb.jpg
bc7740,169,Film - BW,"Jul 05, 1975",8:50:00 AM,1:20000,305,B-010-FI-75,093l04042,093L08,-126.0166,54.35138,No,https://openmaps.gov.bc.ca/thumbs/1975/bc7740/bc7740_169_thumb.jpg
bc7740,170,Film - BW,"Jul 05, 1975",8:50:00 AM,1:20000,305,B-010-FI-75,093l04042,093L08,-126.0437,54.35147,No,https://openmaps.gov.bc.ca/thumbs/1975/bc7740/bc7740_170_thumb.jpg
bc7740,171,Film - BW,"Jul 05, 1975",8:50:00 AM,1:20000,305,B-010-FI-75,093l04041,093L08,-126.0709,54.35159,No,https://openmaps.gov.bc.ca/thumbs/1975/bc7740/bc7740_171_thumb.jpg
bc7740,172,Film - BW,"Jul 05, 1975",8:50:00 AM,1:20000,305,B-010-FI-75,093l04041,093L08,-126.098,54.3517,No,https://openmaps.gov.bc.ca/thumbs/1975/bc7740/bc7740_172_thumb.jpg
bc7740,173,Film - BW,"Jul 05, 1975",8:50:00 AM,1:20000,305,B-010-FI-75,093l04032,093L08,-126.1251,54.3518,No,https://openmaps.gov.bc.ca/thumbs/1975/bc7740/bc7740_173_thumb.jpg
bc7740,174,Film - BW,"Jul 05, 1975",8:50:00 AM,1:20000,305,B-010-FI-75,093l04031,093L08,-126.1523,54.35189,No,https://openmaps.gov.bc.ca/thumbs/1975/bc7740/bc7740_174_thumb.jpg
bc7740,175,Film - BW,"Jul 05, 1975",8:50:00 AM,1:20000,305,B-010-FI-75,093l04031,093L08,-126.1794,54.35198,No,https://openmaps.gov.bc.ca/thumbs/1975/bc7740/bc7740_175_thumb.jpg
bc7740,176,Film - BW,"Jul 05, 1975",8:50:00 AM,1:20000,305,B-010-FI-75,093l03942,093L08,-126.2065,54.35206,No,https://openmaps.gov.bc.ca/thumbs/1975/bc7740/bc7740_176_thumb.jpg
bc7740,177,Film - BW,"Jul 05, 1975",8:50:00 AM,1:20000,305,B-010-FI-75,093l03942,093L08,-126.2336,54.35214,No,https://openmaps.gov.bc.ca/thumbs/1975/bc7740/bc7740_177_thumb.jpg
bc7740,178,Film - BW,"Jul 05, 1975",8:50:00 AM,1:20000,305,B-010-FI-75,093l03941,093L08,-126.2608,54.35221,No,https://openmaps.gov.bc.ca/thumbs/1975/bc7740/bc7740_178_thumb.jpg
bc7740,179,Film - BW,"Jul 05, 1975",8:50:00 AM,1:20000,305,B-010-FI-75,093l03941,093L08,-126.2879,54.35228,No,https://openmaps.gov.bc.ca/thumbs/1975/bc7740/bc7740_179_thumb.jpg
bc7740,180,Film - BW,"Jul 05, 1975",8:50:00 AM,1:20000,305,B-010-FI-75,093l03932,093L08,-126.315,54.35233,No,https://openmaps.gov.bc.ca/thumbs/1975/bc7740/bc7740_180_thumb.jpg
bc7740,181,Film - BW,"Jul 05, 1975",8:50:00 AM,1:20000,305,B-010-FI-75,093l03932,093L08,-126.3422,54.35239,No,https://openmaps.gov.bc.ca/thumbs/1975/bc7740/bc7740_181_thumb.jpg
bc7740,182,Film - BW,"Jul 05, 1975",8:50:00 AM,1:20000,305,B-010-FI-75,093l03931,093L08,-126.3693,54.35243,No,https://openmaps.gov.bc.ca/thumbs/1975/bc7740/bc7740_182_thumb.jpg
bc7740,183,Film - BW,"Jul 05, 1975",8:50:00 AM,1:20000,305,B-010-FI-75,093l03931,093L08,-126.3964,54.35247,No,https://openmaps.gov.bc.ca/thumbs/1975/bc7740/bc7740_183_thumb.jpg
bc7740,184,Film - BW,"Jul 05, 1975",8:50:00 AM,1:20000,305,B-010-FI-75,093l03842,093L08,-126.4236,54.3525,No,https://openmaps.gov.bc.ca/thumbs/1975/bc7740/bc7740_184_thumb.jpg
bc7740,185,Film - BW,"Jul 05, 1975",8:50:00 AM,1:20000,305,B-010-FI-75,093l03844,093L08,-126.4079,54.38116,No,https://openmaps.gov.bc.ca/thumbs/1975/bc7740/bc7740_185_thumb.jpg
bc7740,186,Film - BW,"Jul 05, 1975",8:50:00 AM,1:20000,305,B-010-FI-75,093l03933,093L08,-126.3802,54.38148,No,https://openmaps.gov.bc.ca/thumbs/1975/bc7740/bc7740_186_thumb.jpg
bc7740,187,Film - BW,"Jul 05, 1975",8:50:00 AM,1:20000,305,B-010-FI-75,093l03933,093L08,-126.3526,54.3818,No,https://openmaps.gov.bc.ca/thumbs/1975/bc7740/bc7740_187_thumb.jpg
bc7740,188,Film - BW,"Jul 05, 1975",8:50:00 AM,1:20000,305,B-010-FI-75,093l03934,093L08,-126.3249,54.3821,No,https://openmaps.gov.bc.ca/thumbs/1975/bc7740/bc7740_188_thumb.jpg
bc7740,189,Film - BW,"Jul 05, 1975",8:50:00 AM,1:20000,305,B-010-FI-75,093l03943,093L08,-126.2972,54.3824,No,https://openmaps.gov.bc.ca/thumbs/1975/bc7740/bc7740_189_thumb.jpg
bc7740,190,Film - BW,"Jul 05, 1975",8:50:00 AM,1:20000,305,B-010-FI-75,093l03943,093L08,-126.2695,54.3827,No,https://openmaps.gov.bc.ca/thumbs/1975/bc7740/bc7740_190_thumb.jpg
bc7740,191,Film - BW,"Jul 05, 1975",8:50:00 AM,1:20000,305,B-010-FI-75,093l03944,093L08,-126.2418,54.383,No,https://openmaps.gov.bc.ca/thumbs/1975/bc7740/bc7740_191_thumb.jpg
bc7740,192,Film - BW,"Jul 05, 1975",8:50:00 AM,1:20000,305,B-010-FI-75,093l03944,093L08,-126.2147,54.38278,No,https://openmaps.gov.bc.ca/thumbs/1975/bc7740/bc7740_192_thumb.jpg
bc7740,193,Film - BW,"Jul 05, 1975",8:50:00 AM,1:20000,305,B-010-FI-75,093l04033,093L08,-126.1877,54.38256,No,https://openmaps.gov.bc.ca/thumbs/1975/bc7740/bc7740_193_thumb.jpg
bc7740,194,Film - BW,"Jul 05, 1975",8:50:00 AM,1:20000,305,B-010-FI-75,093l04033,093L08,-126.1607,54.38233,No,https://openmaps.gov.bc.ca/thumbs/1975/bc7740/bc7740_194_thumb.jpg
bc7740,195,Film - BW,"Jul 05, 1975",8:50:00 AM,1:20000,305,B-010-FI-75,093l04034,093L08,-126.1337,54.3821,No,https://openmaps.gov.bc.ca/thumbs/1975/bc7740/bc7740_195_thumb.jpg
bc7740,196,Film - BW,"Jul 05, 1975",8:50:00 AM,1:20000,305,B-010-FI-75,093l04034,093L08,-126.1067,54.38186,No,https://openmaps.gov.bc.ca/thumbs/1975/bc7740/bc7740_196_thumb.jpg
bc7740,197,Film - BW,"Jul 05, 1975",8:50:00 AM,1:20000,305,B-010-FI-75,093l04043,093L08,-126.0797,54.38161,No,https://openmaps.gov.bc.ca/thumbs/1975/bc7740/bc7740_197_thumb.jpg
bc7740,198,Film - BW,"Jul 05, 1975",8:50:00 AM,1:20000,305,B-010-FI-75,093l04043,093L08,-126.0526,54.38136,No,https://openmaps.gov.bc.ca/thumbs/1975/bc7740/bc7740_198_thumb.jpg
bc7740,199,Film - BW,"Jul 05, 1975",8:50:00 AM,1:20000,305,B-010-FI-75,093l04044,093L08,-126.0255,54.38116,No,https://openmaps.gov.bc.ca/thumbs/1975/bc7740/bc7740_199_thumb.jpg
bc7796,103,Film - BW,"Sep 08, 1975",9:30:00 AM,1:15000,305,B-349-MA-75,093l04843,093L08,-126.4904,54.48707,No,https://openmaps.gov.bc.ca/thumbs/1975/bc7796/bc7796_103_thumb.jpg
bc7796,104,Film - BW,"Sep 08, 1975",9:30:00 AM,1:15000,305,B-349-MA-75,093l04843,093L08,-126.4773,54.49412,No,https://openmaps.gov.bc.ca/thumbs/1975/bc7796/bc7796_104_thumb.jpg
bc7796,122,Film - BW,"Sep 08, 1975",9:30:00 AM,1:15000,305,B-349-MA-75,093l04943,093L08,-126.2719,54.49909,No,https://openmaps.gov.bc.ca/thumbs/1975/bc7796/bc7796_122_thumb.jpg
bc7796,123,Film - BW,"Sep 08, 1975",9:30:00 AM,1:15000,305,B-349-MA-75,093l04943,093L08,-126.2552,54.49609,No,https://openmaps.gov.bc.ca/thumbs/1975/bc7796/bc7796_123_thumb.jpg
bc7796,124,Film - BW,"Sep 08, 1975",9:30:00 AM,1:15000,305,B-349-MA-75,093l04944,093L08,-126.2385,54.49298,No,https://openmaps.gov.bc.ca/thumbs/1975/bc7796/bc7796_124_thumb.jpg
bc7796,125,Film - BW,"Sep 08, 1975",9:30:00 AM,1:15000,305,B-349-MA-75,093l04943,093L08,-126.2591,54.49341,No,https://openmaps.gov.bc.ca/thumbs/1975/bc7796/bc7796_125_thumb.jpg
bc7796,126,Film - BW,"Sep 08, 1975",9:30:00 AM,1:15000,305,B-349-MA-75,093l04943,093L08,-126.2531,54.48765,No,https://openmaps.gov.bc.ca/thumbs/1975/bc7796/bc7796_126_thumb.jpg
bc7796,127,Film - BW,"Sep 08, 1975",9:30:00 AM,1:15000,305,B-349-MA-75,093l04944,093L08,-126.2472,54.4819,No,https://openmaps.gov.bc.ca/thumbs/1975/bc7796/bc7796_127_thumb.jpg
bc7796,128,Film - BW,"Sep 08, 1975",9:30:00 AM,1:15000,305,B-349-MA-75,093l04944,093L08,-126.2414,54.47614,No,https://openmaps.gov.bc.ca/thumbs/1975/bc7796/bc7796_128_thumb.jpg
bc7796,129,Film - BW,"Sep 08, 1975",9:30:00 AM,1:15000,305,B-349-MA-75,093l04942,093L08,-126.2355,54.47039,No,https://openmaps.gov.bc.ca/thumbs/1975/bc7796/bc7796_129_thumb.jpg
bc7796,130,Film - BW,"Sep 08, 1975",9:30:00 AM,1:15000,305,B-349-MA-75,093l04942,093L08,-126.2296,54.46464,No,https://openmaps.gov.bc.ca/thumbs/1975/bc7796/bc7796_130_thumb.jpg
bc7796,131,Film - BW,"Sep 08, 1975",9:30:00 AM,1:15000,305,B-349-MA-75,093l04942,093L08,-126.2237,54.45889,No,https://openmaps.gov.bc.ca/thumbs/1975/bc7796/bc7796_131_thumb.jpg
bc7796,132,Film - BW,"Sep 08, 1975",9:30:00 AM,1:15000,305,B-349-MA-75,093l04942,093L08,-126.2179,54.45313,No,https://openmaps.gov.bc.ca/thumbs/1975/bc7796/bc7796_132_thumb.jpg
bc7796,133,Film - BW,"Sep 08, 1975",9:30:00 AM,1:15000,305,B-349-MA-75,093l04924,093L08,-126.212,54.44737,No,https://openmaps.gov.bc.ca/thumbs/1975/bc7796/bc7796_133_thumb.jpg
bc7796,134,Film - BW,"Sep 08, 1975",9:30:00 AM,1:15000,305,B-349-MA-75,093l04924,093L08,-126.2061,54.44162,No,https://openmaps.gov.bc.ca/thumbs/1975/bc7796/bc7796_134_thumb.jpg
bc7796,135,Film - BW,"Sep 08, 1975",9:30:00 AM,1:15000,305,B-349-MA-75,093l04924,093L08,-126.2002,54.43586,No,https://openmaps.gov.bc.ca/thumbs/1975/bc7796/bc7796_135_thumb.jpg
bc7796,136,Film - BW,"Sep 08, 1975",9:30:00 AM,1:15000,305,B-349-MA-75,093l04924,093L08,-126.2144,54.44292,No,https://openmaps.gov.bc.ca/thumbs/1975/bc7796/bc7796_136_thumb.jpg
bc7796,137,Film - BW,"Sep 08, 1975",9:30:00 AM,1:15000,305,B-349-MA-75,093l05013,093L08,-126.1945,54.4385,No,https://openmaps.gov.bc.ca/thumbs/1975/bc7796/bc7796_137_thumb.jpg
bc7796,138,Film - BW,"Sep 08, 1975",9:30:00 AM,1:15000,305,B-349-MA-75,093l05013,093L08,-126.1748,54.43415,No,https://openmaps.gov.bc.ca/thumbs/1975/bc7796/bc7796_138_thumb.jpg
bc7796,139,Film - BW,"Sep 08, 1975",9:30:00 AM,1:15000,305,B-349-MA-75,093l05013,093L08,-126.1551,54.42981,No,https://openmaps.gov.bc.ca/thumbs/1975/bc7796/bc7796_139_thumb.jpg
bc7796,140,Film - BW,"Sep 08, 1975",9:30:00 AM,1:15000,305,B-349-MA-75,093l05014,093L08,-126.1354,54.42546,No,https://openmaps.gov.bc.ca/thumbs/1975/bc7796/bc7796_140_thumb.jpg
bc7796,141,Film - BW,"Sep 08, 1975",9:30:00 AM,1:15000,305,B-349-MA-75,093l05012,093L08,-126.1156,54.4211,No,https://openmaps.gov.bc.ca/thumbs/1975/bc7796/bc7796_141_thumb.jpg
bc7796,142,Film - BW,"Sep 08, 1975",9:30:00 AM,1:15000,305,B-349-MA-75,093l05021,093L08,-126.0959,54.41675,No,https://openmaps.gov.bc.ca/thumbs/1975/bc7796/bc7796_142_thumb.jpg
bc7796,143,Film - BW,"Sep 08, 1975",9:30:00 AM,1:15000,305,B-349-MA-75,093l05021,093L08,-126.0762,54.41239,No,https://openmaps.gov.bc.ca/thumbs/1975/bc7796/bc7796_143_thumb.jpg
bc7796,144,Film - BW,"Sep 08, 1975",9:30:00 AM,1:15000,305,B-349-MA-75,093l05021,093L08,-126.0565,54.40802,No,https://openmaps.gov.bc.ca/thumbs/1975/bc7796/bc7796_144_thumb.jpg
bc7796,145,Film - BW,"Sep 08, 1975",9:30:00 AM,1:15000,305,B-349-MA-75,093l05022,093L08,-126.0369,54.40366,No,https://openmaps.gov.bc.ca/thumbs/1975/bc7796/bc7796_145_thumb.jpg
bc7796,146,Film - BW,"Sep 08, 1975",9:30:00 AM,1:15000,305,B-349-MA-75,093l04044,093L08,-126.0172,54.39929,No,https://openmaps.gov.bc.ca/thumbs/1975/bc7796/bc7796_146_thumb.jpg
bc7824,147,Film - BW,"Sep 18, 1975",10:25:00 AM,1:20000,305,B-010-FI-75,093l05042,093L08,-126.0098,54.46697,No,https://openmaps.gov.bc.ca/thumbs/1975/bc7824/bc7824_147_thumb.jpg
bc7824,148,Film - BW,"Sep 18, 1975",10:25:00 AM,1:20000,305,B-010-FI-75,093l05042,093L08,-126.032,54.46695,No,https://openmaps.gov.bc.ca/thumbs/1975/bc7824/bc7824_148_thumb.jpg
bc7824,149,Film - BW,"Sep 18, 1975",10:25:00 AM,1:20000,305,B-010-FI-75,093l05041,093L08,-126.0541,54.46692,No,https://openmaps.gov.bc.ca/thumbs/1975/bc7824/bc7824_149_thumb.jpg
bc7824,150,Film - BW,"Sep 18, 1975",10:25:00 AM,1:20000,305,B-010-FI-75,093l05041,093L08,-126.0761,54.46689,No,https://openmaps.gov.bc.ca/thumbs/1975/bc7824/bc7824_150_thumb.jpg
bc7824,151,Film - BW,"Sep 18, 1975",10:25:00 AM,1:20000,305,B-010-FI-75,093l05041,093L08,-126.0982,54.46685,No,https://openmaps.gov.bc.ca/thumbs/1975/bc7824/bc7824_151_thumb.jpg
bc7824,152,Film - BW,"Sep 18, 1975",10:25:00 AM,1:20000,305,B-010-FI-75,093l05032,093L08,-126.1203,54.46682,No,https://openmaps.gov.bc.ca/thumbs/1975/bc7824/bc7824_152_thumb.jpg
bc7824,153,Film - BW,"Sep 18, 1975",10:25:00 AM,1:20000,305,B-010-FI-75,093l05032,093L08,-126.1423,54.46677,No,https://openmaps.gov.bc.ca/thumbs/1975/bc7824/bc7824_153_thumb.jpg
bc7824,154,Film - BW,"Sep 18, 1975",10:25:00 AM,1:20000,305,B-010-FI-75,093l05031,093L08,-126.1644,54.46673,No,https://openmaps.gov.bc.ca/thumbs/1975/bc7824/bc7824_154_thumb.jpg
bc7824,155,Film - BW,"Sep 18, 1975",10:25:00 AM,1:20000,305,B-010-FI-75,093l05031,093L08,-126.1864,54.46668,No,https://openmaps.gov.bc.ca/thumbs/1975/bc7824/bc7824_155_thumb.jpg
bc7824,156,Film - BW,"Sep 18, 1975",10:25:00 AM,1:20000,305,B-010-FI-75,093l04942,093L08,-126.2085,54.46662,No,https://openmaps.gov.bc.ca/thumbs/1975/bc7824/bc7824_156_thumb.jpg
bc7824,157,Film - BW,"Sep 18, 1975",10:25:00 AM,1:20000,305,B-010-FI-75,093l04942,093L08,-126.2306,54.46656,No,https://openmaps.gov.bc.ca/thumbs/1975/bc7824/bc7824_157_thumb.jpg
bc7824,158,Film - BW,"Sep 18, 1975",10:25:00 AM,1:20000,305,B-010-FI-75,093l04941,093L08,-126.2526,54.4665,No,https://openmaps.gov.bc.ca/thumbs/1975/bc7824/bc7824_158_thumb.jpg
bc7824,159,Film - BW,"Sep 18, 1975",10:25:00 AM,1:20000,305,B-010-FI-75,093l04941,093L08,-126.2747,54.46643,No,https://openmaps.gov.bc.ca/thumbs/1975/bc7824/bc7824_159_thumb.jpg
bc7824,160,Film - BW,"Sep 18, 1975",10:25:00 AM,1:20000,305,B-010-FI-75,093l04941,093L08,-126.2967,54.46636,No,https://openmaps.gov.bc.ca/thumbs/1975/bc7824/bc7824_160_thumb.jpg
bc7824,161,Film - BW,"Sep 18, 1975",10:25:00 AM,1:20000,305,B-010-FI-75,093l04932,093L08,-126.3188,54.46629,No,https://openmaps.gov.bc.ca/thumbs/1975/bc7824/bc7824_161_thumb.jpg
bc7824,162,Film - BW,"Sep 18, 1975",10:25:00 AM,1:20000,305,B-010-FI-75,093l04932,093L08,-126.3409,54.46621,No,https://openmaps.gov.bc.ca/thumbs/1975/bc7824/bc7824_162_thumb.jpg
bc7824,163,Film - BW,"Sep 18, 1975",10:25:00 AM,1:20000,305,B-010-FI-75,093l04931,093L08,-126.3629,54.46613,No,https://openmaps.gov.bc.ca/thumbs/1975/bc7824/bc7824_163_thumb.jpg
bc7824,164,Film - BW,"Sep 18, 1975",10:25:00 AM,1:20000,305,B-010-FI-75,093l04931,093L08,-126.385,54.46604,No,https://openmaps.gov.bc.ca/thumbs/1975/bc7824/bc7824_164_thumb.jpg
bc7824,165,Film - BW,"Sep 18, 1975",10:25:00 AM,1:20000,305,B-010-FI-75,093l04842,093L08,-126.407,54.46595,No,https://openmaps.gov.bc.ca/thumbs/1975/bc7824/bc7824_165_thumb.jpg
bc7824,166,Film - BW,"Sep 18, 1975",10:25:00 AM,1:20000,305,B-010-FI-75,093l04842,093L08,-126.4291,54.46585,No,https://openmaps.gov.bc.ca/thumbs/1975/bc7824/bc7824_166_thumb.jpg
bc7824,167,Film - BW,"Sep 18, 1975",10:25:00 AM,1:20000,305,B-010-FI-75,093l04841,093L08,-126.4512,54.46576,No,https://openmaps.gov.bc.ca/thumbs/1975/bc7824/bc7824_167_thumb.jpg
bc7481,23,Film - BW,"Jul 18, 1973",9:29:00 AM,1:20000,305,B-011-FI-73,093l05044,093L08,-126.0146,54.4885,No,https://openmaps.gov.bc.ca/thumbs/1973/bc7481/bc7481_023_thumb.jpg
bc7481,24,Film - BW,"Jul 18, 1973",9:29:00 AM,1:20000,305,B-011-FI-73,093l05044,093L08,-126.0274,54.48864,No,https://openmaps.gov.bc.ca/thumbs/1973/bc7481/bc7481_024_thumb.jpg
bc7481,25,Film - BW,"Jul 18, 1973",9:29:00 AM,1:20000,305,B-011-FI-73,093l05044,093L08,-126.0403,54.48881,No,https://openmaps.gov.bc.ca/thumbs/1973/bc7481/bc7481_025_thumb.jpg
bc7481,26,Film - BW,"Jul 18, 1973",9:29:00 AM,1:20000,305,B-011-FI-73,093l05043,093L08,-126.0531,54.48897,No,https://openmaps.gov.bc.ca/thumbs/1973/bc7481/bc7481_026_thumb.jpg
bc5420,9,Film - BW,"Jun 05, 1971",9:05:00 AM,1:31680,153,B-122-LI-71,093l05044,093L08,-126.0119,54.48861,No,https://openmaps.gov.bc.ca/thumbs/1971/bc5420/bc5420_009_thumb.jpg
bc5420,10,Film - BW,"Jun 05, 1971",9:05:00 AM,1:31680,153,B-122-LI-71,093l05042,093L08,-126.0125,54.4627,No,https://openmaps.gov.bc.ca/thumbs/1971/bc5420/bc5420_010_thumb.jpg
bc5420,11,Film - BW,"Jun 05, 1971",9:05:00 AM,1:31680,153,B-122-LI-71,093l05024,093L08,-126.0121,54.43724,No,https://openmaps.gov.bc.ca/thumbs/1971/bc5420/bc5420_011_thumb.jpg
bc5420,12,Film - BW,"Jun 05, 1971",9:05:00 AM,1:31680,153,B-122-LI-71,093l05022,093L08,-126.0119,54.41194,No,https://openmaps.gov.bc.ca/thumbs/1971/bc5420/bc5420_012_thumb.jpg
bc5420,13,Film - BW,"Jun 05, 1971",9:05:00 AM,1:31680,153,B-122-LI-71,093l04044,093L08,-126.0117,54.38663,No,https://openmaps.gov.bc.ca/thumbs/1971/bc5420/bc5420_013_thumb.jpg
bc5420,14,Film - BW,"Jun 05, 1971",9:05:00 AM,1:31680,153,B-122-LI-71,093l04042,093L08,-126.0114,54.36132,No,https://openmaps.gov.bc.ca/thumbs/1971/bc5420/bc5420_014_thumb.jpg
bc5420,15,Film - BW,"Jun 05, 1971",9:05:00 AM,1:31680,153,B-122-LI-71,093l04024,093L08,-126.0112,54.33602,No,https://openmaps.gov.bc.ca/thumbs/1971/bc5420/bc5420_015_thumb.jpg
bc5420,16,Film - BW,"Jun 05, 1971",9:05:00 AM,1:31680,153,B-122-LI-71,093l04022,093L08,-126.011,54.31071,No,https://openmaps.gov.bc.ca/thumbs/1971/bc5420/bc5420_016_thumb.jpg
bc5420,17,Film - BW,"Jun 05, 1971",9:05:00 AM,1:31680,153,B-122-LI-71,093l03044,093L08,-126.0108,54.2854,No,https://openmaps.gov.bc.ca/thumbs/1971/bc5420/bc5420_017_thumb.jpg
bc5420,18,Film - BW,"Jun 05, 1971",9:05:00 AM,1:31680,153,B-122-LI-71,093l03042,093L08,-126.0106,54.26009,No,https://openmaps.gov.bc.ca/thumbs/1971/bc5420/bc5420_018_thumb.jpg
bc5420,70,Film - BW,"Jun 05, 1971",9:05:00 AM,1:31680,153,B-122-LI-71,093l03041,093L08,-126.0924,54.25448,No,https://openmaps.gov.bc.ca/thumbs/1971/bc5420/bc5420_070_thumb.jpg
bc5420,71,Film - BW,"Jun 05, 1971",9:05:00 AM,1:31680,153,B-122-LI-71,093l03043,093L08,-126.0924,54.28162,No,https://openmaps.gov.bc.ca/thumbs/1971/bc5420/bc5420_071_thumb.jpg
bc5420,72,Film - BW,"Jun 05, 1971",9:05:00 AM,1:31680,153,B-122-LI-71,093l04021,093L08,-126.0924,54.30877,No,https://openmaps.gov.bc.ca/thumbs/1971/bc5420/bc5420_072_thumb.jpg
bc5420,73,Film - BW,"Jun 05, 1971",9:05:00 AM,1:31680,153,B-122-LI-71,093l04023,093L08,-126.0924,54.33591,No,https://openmaps.gov.bc.ca/thumbs/1971/bc5420/bc5420_073_thumb.jpg
bc5420,74,Film - BW,"Jun 05, 1971",9:05:00 AM,1:31680,153,B-122-LI-71,093l04041,093L08,-126.0924,54.36306,No,https://openmaps.gov.bc.ca/thumbs/1971/bc5420/bc5420_074_thumb.jpg
bc5420,75,Film - BW,"Jun 05, 1971",9:05:00 AM,1:31680,153,B-122-LI-71,093l04043,093L08,-126.0924,54.3902,No,https://openmaps.gov.bc.ca/thumbs/1971/bc5420/bc5420_075_thumb.jpg
bc5420,76,Film - BW,"Jun 05, 1971",9:05:00 AM,1:31680,153,B-122-LI-71,093l05021,093L08,-126.0925,54.41735,No,https://openmaps.gov.bc.ca/thumbs/1971/bc5420/bc5420_076_thumb.jpg
bc5420,77,Film - BW,"Jun 05, 1971",9:05:00 AM,1:31680,153,B-122-LI-71,093l05023,093L08,-126.0925,54.44449,No,https://openmaps.gov.bc.ca/thumbs/1971/bc5420/bc5420_077_thumb.jpg
bc5420,78,Film - BW,"Jun 05, 1971",9:05:00 AM,1:31680,153,B-122-LI-71,093l05041,093L08,-126.0926,54.47176,No,https://openmaps.gov.bc.ca/thumbs/1971/bc5420/bc5420_078_thumb.jpg
bc5420,79,Film - BW,"Jun 05, 1971",9:05:00 AM,1:31680,153,B-122-LI-71,093l05043,093L08,-126.0924,54.49504,No,https://openmaps.gov.bc.ca/thumbs/1971/bc5420/bc5420_079_thumb.jpg
bc5420,90,Film - BW,"Jun 05, 1971",9:05:00 AM,1:31680,153,B-122-LI-71,093l05033,093L08,-126.17,54.49387,No,https://openmaps.gov.bc.ca/thumbs/1971/bc5420/bc5420_090_thumb.jpg
bc5420,91,Film - BW,"Jun 05, 1971",9:05:00 AM,1:31680,153,B-122-LI-71,093l05031,093L08,-126.1697,54.46861,No,https://openmaps.gov.bc.ca/thumbs/1971/bc5420/bc5420_091_thumb.jpg
bc5420,92,Film - BW,"Jun 05, 1971",9:05:00 AM,1:31680,153,B-122-LI-71,093l05013,093L08,-126.1693,54.44336,No,https://openmaps.gov.bc.ca/thumbs/1971/bc5420/bc5420_092_thumb.jpg
bc5420,93,Film - BW,"Jun 05, 1971",9:05:00 AM,1:31680,153,B-122-LI-71,093l05011,093L08,-126.169,54.41811,No,https://openmaps.gov.bc.ca/thumbs/1971/bc5420/bc5420_093_thumb.jpg
bc5420,94,Film - BW,"Jun 05, 1971",9:05:00 AM,1:31680,153,B-122-LI-71,093l04033,093L08,-126.1686,54.39285,No,https://openmaps.gov.bc.ca/thumbs/1971/bc5420/bc5420_094_thumb.jpg
bc5420,95,Film - BW,"Jun 05, 1971",9:05:00 AM,1:31680,153,B-122-LI-71,093l04031,093L08,-126.1682,54.3676,No,https://openmaps.gov.bc.ca/thumbs/1971/bc5420/bc5420_095_thumb.jpg
bc5420,96,Film - BW,"Jun 05, 1971",9:05:00 AM,1:31680,153,B-122-LI-71,093l04013,093L08,-126.1679,54.34234,No,https://openmaps.gov.bc.ca/thumbs/1971/bc5420/bc5420_096_thumb.jpg
bc5420,97,Film - BW,"Jun 05, 1971",9:05:00 AM,1:31680,153,B-122-LI-71,093l04011,093L08,-126.1675,54.31709,No,https://openmaps.gov.bc.ca/thumbs/1971/bc5420/bc5420_097_thumb.jpg
bc5420,98,Film - BW,"Jun 05, 1971",9:05:00 AM,1:31680,153,B-122-LI-71,093l03033,093L08,-126.1672,54.29183,No,https://openmaps.gov.bc.ca/thumbs/1971/bc5420/bc5420_098_thumb.jpg
bc5420,99,Film - BW,"Jun 05, 1971",9:05:00 AM,1:31680,153,B-122-LI-71,093l03031,093L08,-126.1668,54.26657,No,https://openmaps.gov.bc.ca/thumbs/1971/bc5420/bc5420_099_thumb.jpg
bc5420,152,Film - BW,"Jun 05, 1971",9:05:00 AM,1:31680,153,B-122-LI-71,093l02942,093L08,-126.245,54.26762,No,https://openmaps.gov.bc.ca/thumbs/1971/bc5420/bc5420_152_thumb.jpg
bc5420,153,Film - BW,"Jun 05, 1971",9:05:00 AM,1:31680,153,B-122-LI-71,093l02944,093L08,-126.2456,54.29401,No,https://openmaps.gov.bc.ca/thumbs/1971/bc5420/bc5420_153_thumb.jpg
bc5420,154,Film - BW,"Jun 05, 1971",9:05:00 AM,1:31680,153,B-122-LI-71,093l03922,093L08,-126.2462,54.32039,No,https://openmaps.gov.bc.ca/thumbs/1971/bc5420/bc5420_154_thumb.jpg
bc5420,155,Film - BW,"Jun 05, 1971",9:05:00 AM,1:31680,153,B-122-LI-71,093l03924,093L08,-126.2468,54.34678,No,https://openmaps.gov.bc.ca/thumbs/1971/bc5420/bc5420_155_thumb.jpg
bc5420,156,Film - BW,"Jun 05, 1971",9:05:00 AM,1:31680,153,B-122-LI-71,093l03942,093L08,-126.2474,54.37316,No,https://openmaps.gov.bc.ca/thumbs/1971/bc5420/bc5420_156_thumb.jpg
bc5420,157,Film - BW,"Jun 05, 1971",9:05:00 AM,1:31680,153,B-122-LI-71,093l03944,093L08,-126.2481,54.39954,No,https://openmaps.gov.bc.ca/thumbs/1971/bc5420/bc5420_157_thumb.jpg
bc5420,158,Film - BW,"Jun 05, 1971",9:05:00 AM,1:31680,153,B-122-LI-71,093l04924,093L08,-126.2487,54.42593,No,https://openmaps.gov.bc.ca/thumbs/1971/bc5420/bc5420_158_thumb.jpg
bc5420,159,Film - BW,"Jun 05, 1971",9:05:00 AM,1:31680,153,B-122-LI-71,093l04942,093L08,-126.2493,54.45231,No,https://openmaps.gov.bc.ca/thumbs/1971/bc5420/bc5420_159_thumb.jpg
bc5420,160,Film - BW,"Jun 05, 1971",9:05:00 AM,1:31680,153,B-122-LI-71,093l04944,093L08,-126.2499,54.4787,No,https://openmaps.gov.bc.ca/thumbs/1971/bc5420/bc5420_160_thumb.jpg
bc5440,70,Film - BW,"Aug 30, 1971",10:55:00 AM,1:31680,153,B-113-DF-71,093l02932,093L08,-126.3148,54.25681,No,https://openmaps.gov.bc.ca/thumbs/1971/bc5440/bc5440_070_thumb.jpg
bc5440,71,Film - BW,"Aug 30, 1971",10:55:00 AM,1:31680,153,B-113-DF-71,093l02934,093L08,-126.3145,54.28089,No,https://openmaps.gov.bc.ca/thumbs/1971/bc5440/bc5440_071_thumb.jpg
bc5440,72,Film - BW,"Aug 30, 1971",10:55:00 AM,1:31680,153,B-113-DF-71,093l03912,093L08,-126.3142,54.30497,No,https://openmaps.gov.bc.ca/thumbs/1971/bc5440/bc5440_072_thumb.jpg
bc5440,73,Film - BW,"Aug 30, 1971",10:55:00 AM,1:31680,153,B-113-DF-71,093l03914,093L08,-126.3139,54.32905,No,https://openmaps.gov.bc.ca/thumbs/1971/bc5440/bc5440_073_thumb.jpg
bc5440,74,Film - BW,"Aug 30, 1971",10:55:00 AM,1:31680,153,B-113-DF-71,093l03932,093L08,-126.3136,54.35313,No,https://openmaps.gov.bc.ca/thumbs/1971/bc5440/bc5440_074_thumb.jpg
bc5440,75,Film - BW,"Aug 30, 1971",10:55:00 AM,1:31680,153,B-113-DF-71,093l03934,093L08,-126.3133,54.3772,No,https://openmaps.gov.bc.ca/thumbs/1971/bc5440/bc5440_075_thumb.jpg
bc5440,76,Film - BW,"Aug 30, 1971",10:55:00 AM,1:31680,153,B-113-DF-71,093l04912,093L08,-126.313,54.40129,No,https://openmaps.gov.bc.ca/thumbs/1971/bc5440/bc5440_076_thumb.jpg
bc5440,77,Film - BW,"Aug 30, 1971",10:55:00 AM,1:31680,153,B-113-DF-71,093l04914,093L08,-126.3127,54.42537,No,https://openmaps.gov.bc.ca/thumbs/1971/bc5440/bc5440_077_thumb.jpg
bc5440,78,Film - BW,"Aug 30, 1971",10:55:00 AM,1:31680,153,B-113-DF-71,093l04914,093L08,-126.3123,54.44944,No,https://openmaps.gov.bc.ca/thumbs/1971/bc5440/bc5440_078_thumb.jpg
bc5440,79,Film - BW,"Aug 30, 1971",10:55:00 AM,1:31680,153,B-113-DF-71,093l04932,093L08,-126.312,54.47364,No,https://openmaps.gov.bc.ca/thumbs/1971/bc5440/bc5440_079_thumb.jpg
bc5440,80,Film - BW,"Aug 30, 1971",10:55:00 AM,1:31680,153,B-113-DF-71,093l04934,093L08,-126.3128,54.49591,No,https://openmaps.gov.bc.ca/thumbs/1971/bc5440/bc5440_080_thumb.jpg
bc5440,94,Film - BW,"Aug 30, 1971",10:55:00 AM,1:31680,153,B-113-DF-71,093l04844,093L08,-126.4039,54.49943,No,https://openmaps.gov.bc.ca/thumbs/1971/bc5440/bc5440_094_thumb.jpg
bc5440,95,Film - BW,"Aug 30, 1971",10:55:00 AM,1:31680,153,B-113-DF-71,093l04844,093L08,-126.4049,54.4787,No,https://openmaps.gov.bc.ca/thumbs/1971/bc5440/bc5440_095_thumb.jpg
bc5440,96,Film - BW,"Aug 30, 1971",10:55:00 AM,1:31680,153,B-113-DF-71,093l04842,093L08,-126.4049,54.45517,No,https://openmaps.gov.bc.ca/thumbs/1971/bc5440/bc5440_096_thumb.jpg
bc5440,97,Film - BW,"Aug 30, 1971",10:55:00 AM,1:31680,153,B-113-DF-71,093l04824,093L08,-126.4049,54.43171,No,https://openmaps.gov.bc.ca/thumbs/1971/bc5440/bc5440_097_thumb.jpg
bc5440,98,Film - BW,"Aug 30, 1971",10:55:00 AM,1:31680,153,B-113-DF-71,093l04822,093L08,-126.405,54.40825,No,https://openmaps.gov.bc.ca/thumbs/1971/bc5440/bc5440_098_thumb.jpg
bc5440,99,Film - BW,"Aug 30, 1971",10:55:00 AM,1:31680,153,B-113-DF-71,093l03844,093L08,-126.4051,54.38478,No,https://openmaps.gov.bc.ca/thumbs/1971/bc5440/bc5440_099_thumb.jpg
bc5440,100,Film - BW,"Aug 30, 1971",10:55:00 AM,1:31680,153,B-113-DF-71,093l03842,093L08,-126.4052,54.36132,No,https://openmaps.gov.bc.ca/thumbs/1971/bc5440/bc5440_100_thumb.jpg
bc5440,101,Film - BW,"Aug 30, 1971",10:55:00 AM,1:31680,153,B-113-DF-71,093l03824,093L08,-126.4053,54.33786,No,https://openmaps.gov.bc.ca/thumbs/1971/bc5440/bc5440_101_thumb.jpg
bc5440,102,Film - BW,"Aug 30, 1971",10:55:00 AM,1:31680,153,B-113-DF-71,093l03822,093L08,-126.4053,54.31439,No,https://openmaps.gov.bc.ca/thumbs/1971/bc5440/bc5440_102_thumb.jpg
bc5440,103,Film - BW,"Aug 30, 1971",10:55:00 AM,1:31680,153,B-113-DF-71,093l02844,093L08,-126.4054,54.29093,No,https://openmaps.gov.bc.ca/thumbs/1971/bc5440/bc5440_103_thumb.jpg
bc5440,104,Film - BW,"Aug 30, 1971",10:55:00 AM,1:31680,153,B-113-DF-71,093l02842,093L08,-126.4055,54.26747,No,https://openmaps.gov.bc.ca/thumbs/1971/bc5440/bc5440_104_thumb.jpg
bc5440,139,Film - BW,"Aug 30, 1971",10:55:00 AM,1:31680,153,B-113-DF-71,093l02841,093L08,-126.4704,54.27075,No,https://openmaps.gov.bc.ca/thumbs/1971/bc5440/bc5440_139_thumb.jpg
bc5440,140,Film - BW,"Aug 30, 1971",10:55:00 AM,1:31680,153,B-113-DF-71,093l02843,093L08,-126.4704,54.29437,No,https://openmaps.gov.bc.ca/thumbs/1971/bc5440/bc5440_140_thumb.jpg
bc5440,141,Film - BW,"Aug 30, 1971",10:55:00 AM,1:31680,153,B-113-DF-71,093l03821,093L08,-126.4705,54.31799,No,https://openmaps.gov.bc.ca/thumbs/1971/bc5440/bc5440_141_thumb.jpg
bc5440,142,Film - BW,"Aug 30, 1971",10:55:00 AM,1:31680,153,B-113-DF-71,093l03823,093L08,-126.4705,54.34161,No,https://openmaps.gov.bc.ca/thumbs/1971/bc5440/bc5440_142_thumb.jpg
bc5440,143,Film - BW,"Aug 30, 1971",10:55:00 AM,1:31680,153,B-113-DF-71,093l03841,093L08,-126.4706,54.36523,No,https://openmaps.gov.bc.ca/thumbs/1971/bc5440/bc5440_143_thumb.jpg
bc5440,144,Film - BW,"Aug 30, 1971",10:55:00 AM,1:31680,153,B-113-DF-71,093l03843,093L08,-126.4706,54.38884,No,https://openmaps.gov.bc.ca/thumbs/1971/bc5440/bc5440_144_thumb.jpg
bc5440,145,Film - BW,"Aug 30, 1971",10:55:00 AM,1:31680,153,B-113-DF-71,093l04821,093L08,-126.4706,54.41246,No,https://openmaps.gov.bc.ca/thumbs/1971/bc5440/bc5440_145_thumb.jpg
bc5440,146,Film - BW,"Aug 30, 1971",10:55:00 AM,1:31680,153,B-113-DF-71,093l04823,093L08,-126.4707,54.43608,No,https://openmaps.gov.bc.ca/thumbs/1971/bc5440/bc5440_146_thumb.jpg
bc5440,147,Film - BW,"Aug 30, 1971",10:55:00 AM,1:31680,153,B-113-DF-71,093l04841,093L08,-126.4707,54.45969,No,https://openmaps.gov.bc.ca/thumbs/1971/bc5440/bc5440_147_thumb.jpg
bc5440,148,Film - BW,"Aug 30, 1971",10:55:00 AM,1:31680,153,B-113-DF-71,093l04843,093L08,-126.4708,54.48331,No,https://openmaps.gov.bc.ca/thumbs/1971/bc5440/bc5440_148_thumb.jpg
bc7325,144,Film - BW,"Jul 17, 1971",11:15:00 AM,1:15840,305,B-003-FSR-71,093l04843,093L08,-126.4557,54.4983,No,https://openmaps.gov.bc.ca/thumbs/1971/bc7325/bc7325_144_thumb.jpg
bc7325,145,Film - BW,"Jul 17, 1971",11:15:00 AM,1:15840,305,B-003-FSR-71,093l04843,093L08,-126.4772,54.49822,No,https://openmaps.gov.bc.ca/thumbs/1971/bc7325/bc7325_145_thumb.jpg
bc7325,146,Film - BW,"Jul 17, 1971",11:15:00 AM,1:15840,305,B-003-FSR-71,093l04843,093L08,-126.4986,54.49832,No,https://openmaps.gov.bc.ca/thumbs/1971/bc7325/bc7325_146_thumb.jpg
bc7326,21,Film - BW,"Jul 17, 1971",11:15:00 AM,1:15840,305,B-003-FSR-71,093l04841,093L08,-126.4824,54.47483,No,https://openmaps.gov.bc.ca/thumbs/1971/bc7326/bc7326_021_thumb.jpg
bc7326,22,Film - BW,"Jul 17, 1971",11:15:00 AM,1:15840,305,B-003-FSR-71,093l04931,093L08,-126.3686,54.45547,No,https://openmaps.gov.bc.ca/thumbs/1971/bc7326/bc7326_022_thumb.jpg
bc7326,23,Film - BW,"Jul 17, 1971",11:15:00 AM,1:15840,305,B-003-FSR-71,093l04931,093L08,-126.3894,54.45541,No,https://openmaps.gov.bc.ca/thumbs/1971/bc7326/bc7326_023_thumb.jpg
bc7326,24,Film - BW,"Jul 17, 1971",11:15:00 AM,1:15840,305,B-003-FSR-71,093l04842,093L08,-126.41,54.45542,No,https://openmaps.gov.bc.ca/thumbs/1971/bc7326/bc7326_024_thumb.jpg
bc7326,25,Film - BW,"Jul 17, 1971",11:15:00 AM,1:15840,305,B-003-FSR-71,093l04842,093L08,-126.4307,54.45542,No,https://openmaps.gov.bc.ca/thumbs/1971/bc7326/bc7326_025_thumb.jpg
bc7326,26,Film - BW,"Jul 17, 1971",11:15:00 AM,1:15840,305,B-003-FSR-71,093l04841,093L08,-126.4514,54.45541,No,https://openmaps.gov.bc.ca/thumbs/1971/bc7326/bc7326_026_thumb.jpg
bc7326,27,Film - BW,"Jul 17, 1971",11:15:00 AM,1:15840,305,B-003-FSR-71,093l04841,093L08,-126.472,54.45541,No,https://openmaps.gov.bc.ca/thumbs/1971/bc7326/bc7326_027_thumb.jpg
bc7326,28,Film - BW,"Jul 17, 1971",11:15:00 AM,1:15840,305,B-003-FSR-71,093l04841,093L08,-126.4927,54.4554,No,https://openmaps.gov.bc.ca/thumbs/1971/bc7326/bc7326_028_thumb.jpg
bc7326,191,Film - BW,"Jul 17, 1971",11:15:00 AM,1:15840,305,B-003-FSR-71,093l04823,093L08,-126.4819,54.43295,No,https://openmaps.gov.bc.ca/thumbs/1971/bc7326/bc7326_191_thumb.jpg
bc7326,192,Film - BW,"Jul 17, 1971",11:15:00 AM,1:15840,305,B-003-FSR-71,093l04823,093L08,-126.46,54.43287,No,https://openmaps.gov.bc.ca/thumbs/1971/bc7326/bc7326_192_thumb.jpg
bc7326,193,Film - BW,"Jul 17, 1971",11:15:00 AM,1:15840,305,B-003-FSR-71,093l04824,093L08,-126.438,54.43279,No,https://openmaps.gov.bc.ca/thumbs/1971/bc7326/bc7326_193_thumb.jpg
bc7326,194,Film - BW,"Jul 17, 1971",11:15:00 AM,1:15840,305,B-003-FSR-71,093l04824,093L08,-126.4161,54.43269,No,https://openmaps.gov.bc.ca/thumbs/1971/bc7326/bc7326_194_thumb.jpg
bc7326,195,Film - BW,"Jul 17, 1971",11:15:00 AM,1:15840,305,B-003-FSR-71,093l04913,093L08,-126.3942,54.4326,No,https://openmaps.gov.bc.ca/thumbs/1971/bc7326/bc7326_195_thumb.jpg
bc7326,196,Film - BW,"Jul 17, 1971",11:15:00 AM,1:15840,305,B-003-FSR-71,093l04913,093L08,-126.3723,54.4325,No,https://openmaps.gov.bc.ca/thumbs/1971/bc7326/bc7326_196_thumb.jpg
bc7326,197,Film - BW,"Jul 17, 1971",11:15:00 AM,1:15840,305,B-003-FSR-71,093l04913,093L08,-126.3504,54.43249,No,https://openmaps.gov.bc.ca/thumbs/1971/bc7326/bc7326_197_thumb.jpg
bc7326,198,Film - BW,"Jul 17, 1971",11:15:00 AM,1:15840,305,B-003-FSR-71,093l04911,093L08,-126.3501,54.41182,No,https://openmaps.gov.bc.ca/thumbs/1971/bc7326/bc7326_198_thumb.jpg
bc7326,199,Film - BW,"Jul 17, 1971",11:15:00 AM,1:15840,305,B-003-FSR-71,093l04911,093L08,-126.3715,54.41185,No,https://openmaps.gov.bc.ca/thumbs/1971/bc7326/bc7326_199_thumb.jpg
bc7326,200,Film - BW,"Jul 17, 1971",11:15:00 AM,1:15840,305,B-003-FSR-71,093l04911,093L08,-126.3929,54.41189,No,https://openmaps.gov.bc.ca/thumbs/1971/bc7326/bc7326_200_thumb.jpg
bc7326,201,Film - BW,"Jul 17, 1971",11:15:00 AM,1:15840,305,B-003-FSR-71,093l04822,093L08,-126.4142,54.41194,No,https://openmaps.gov.bc.ca/thumbs/1971/bc7326/bc7326_201_thumb.jpg
bc7326,202,Film - BW,"Jul 17, 1971",11:15:00 AM,1:15840,305,B-003-FSR-71,093l04822,093L08,-126.4355,54.41198,No,https://openmaps.gov.bc.ca/thumbs/1971/bc7326/bc7326_202_thumb.jpg
bc7326,203,Film - BW,"Jul 17, 1971",11:15:00 AM,1:15840,305,B-003-FSR-71,093l04821,093L08,-126.4569,54.41202,No,https://openmaps.gov.bc.ca/thumbs/1971/bc7326/bc7326_203_thumb.jpg
bc7326,204,Film - BW,"Jul 17, 1971",11:15:00 AM,1:15840,305,B-003-FSR-71,093l04821,093L08,-126.4782,54.41205,No,https://openmaps.gov.bc.ca/thumbs/1971/bc7326/bc7326_204_thumb.jpg
bc7326,205,Film - BW,"Jul 17, 1971",11:15:00 AM,1:15840,305,B-003-FSR-71,093l04821,093L08,-126.4996,54.41208,No,https://openmaps.gov.bc.ca/thumbs/1971/bc7326/bc7326_205_thumb.jpg
bc7333,81,Film - BW,"Jul 17, 1971",1:23:00 PM,1:15840,305,B-003-FSR-71,093l03843,093L08,-126.49,54.38939,No,
bc7333,82,Film - BW,"Jul 17, 1971",1:23:00 PM,1:15840,305,B-003-FSR-71,093l03843,093L08,-126.4691,54.38932,No,
bc7333,83,Film - BW,"Jul 17, 1971",1:23:00 PM,1:15840,305,B-003-FSR-71,093l03844,093L08,-126.4482,54.38926,No,
bc7333,84,Film - BW,"Jul 17, 1971",1:23:00 PM,1:15840,305,B-003-FSR-71,093l03844,093L08,-126.4273,54.38919,No,
bc7333,85,Film - BW,"Jul 17, 1971",1:23:00 PM,1:15840,305,B-003-FSR-71,093l03844,093L08,-126.4064,54.38913,No,
bc7333,86,Film - BW,"Jul 17, 1971",1:23:00 PM,1:15840,305,B-003-FSR-71,093l03933,093L08,-126.3855,54.38905,No,
bc7333,87,Film - BW,"Jul 17, 1971",1:23:00 PM,1:15840,305,B-003-FSR-71,093l03933,093L08,-126.3646,54.38897,No,
bc7333,88,Film - BW,"Jul 17, 1971",1:23:00 PM,1:15840,305,B-003-FSR-71,093l03934,093L08,-126.3437,54.38889,No,
bc7333,89,Film - BW,"Jul 17, 1971",1:23:00 PM,1:15840,305,B-003-FSR-71,093l03934,093L08,-126.3225,54.38906,No,
bc7333,90,Film - BW,"Jul 17, 1971",1:23:00 PM,1:15840,305,B-003-FSR-71,093l03932,093L08,-126.3168,54.36789,No,
bc7333,91,Film - BW,"Jul 17, 1971",1:23:00 PM,1:15840,305,B-003-FSR-71,093l03932,093L08,-126.3393,54.36816,No,
bc7333,92,Film - BW,"Jul 17, 1971",1:23:00 PM,1:15840,305,B-003-FSR-71,093l03931,093L08,-126.3618,54.36844,No,
bc7333,93,Film - BW,"Jul 17, 1971",1:23:00 PM,1:15840,305,B-003-FSR-71,093l03931,093L08,-126.3843,54.36871,No,
bc7333,94,Film - BW,"Jul 17, 1971",1:23:00 PM,1:15840,305,B-003-FSR-71,093l03842,093L08,-126.4047,54.36866,No,
bc7333,95,Film - BW,"Jul 17, 1971",1:23:00 PM,1:15840,305,B-003-FSR-71,093l03842,093L08,-126.4251,54.36869,No,
bc7333,96,Film - BW,"Jul 17, 1971",1:23:00 PM,1:15840,305,B-003-FSR-71,093l03842,093L08,-126.4455,54.36871,No,
bc7333,97,Film - BW,"Jul 17, 1971",1:23:00 PM,1:15840,305,B-003-FSR-71,093l03841,093L08,-126.466,54.36872,No,
bc7333,98,Film - BW,"Jul 17, 1971",1:23:00 PM,1:15840,305,B-003-FSR-71,093l03841,093L08,-126.4864,54.36874,No,
bc7333,260,Film - BW,"Jul 17, 1971",1:23:00 PM,1:15840,305,B-003-FSR-71,093l03823,093L08,-126.4911,54.34596,No,
bc7333,261,Film - BW,"Jul 17, 1971",1:23:00 PM,1:15840,305,B-003-FSR-71,093l03823,093L08,-126.4734,54.34594,No,
bc7333,262,Film - BW,"Jul 17, 1971",1:23:00 PM,1:15840,305,B-003-FSR-71,093l03823,093L08,-126.4556,54.3459,No,
bc7333,263,Film - BW,"Jul 17, 1971",1:23:00 PM,1:15840,305,B-003-FSR-71,093l03824,093L08,-126.4378,54.34587,No,
bc7333,264,Film - BW,"Jul 17, 1971",1:23:00 PM,1:15840,305,B-003-FSR-71,093l03824,093L08,-126.42,54.34583,No,
bc7333,265,Film - BW,"Jul 17, 1971",1:23:00 PM,1:15840,305,B-003-FSR-71,093l03824,093L08,-126.4023,54.34579,No,
bc7333,266,Film - BW,"Jul 17, 1971",1:23:00 PM,1:15840,305,B-003-FSR-71,093l03913,093L08,-126.3845,54.34575,No,
bc7333,267,Film - BW,"Jul 17, 1971",1:23:00 PM,1:15840,305,B-003-FSR-71,093l03913,093L08,-126.3667,54.34571,No,
bc7333,268,Film - BW,"Jul 17, 1971",1:23:00 PM,1:15840,305,B-003-FSR-71,093l03914,093L08,-126.349,54.34566,No,
bc7333,269,Film - BW,"Jul 17, 1971",1:23:00 PM,1:15840,305,B-003-FSR-71,093l03914,093L08,-126.3312,54.3456,No,
bc7333,270,Film - BW,"Jul 17, 1971",1:23:00 PM,1:15840,305,B-003-FSR-71,093l03914,093L08,-126.3134,54.34555,No,
bc7333,271,Film - BW,"Jul 17, 1971",1:23:00 PM,1:15840,305,B-003-FSR-71,093l03923,093L08,-126.2952,54.34551,No,
bc7359,188,Film - BW,"Jul 26, 1971",1:50:00 PM,1:15840,305,B-003-FSR-71,093l03821,093L08,-126.4808,54.3243,No,https://openmaps.gov.bc.ca/thumbs/1971/bc7359/bc7359_188_thumb.jpg
bc7359,189,Film - BW,"Jul 26, 1971",1:50:00 PM,1:15840,305,B-003-FSR-71,093l03821,093L08,-126.4598,54.32418,No,https://openmaps.gov.bc.ca/thumbs/1971/bc7359/bc7359_189_thumb.jpg
bc7359,190,Film - BW,"Jul 26, 1971",1:50:00 PM,1:15840,305,B-003-FSR-71,093l03822,093L08,-126.4388,54.32412,No,https://openmaps.gov.bc.ca/thumbs/1971/bc7359/bc7359_190_thumb.jpg
bc7359,191,Film - BW,"Jul 26, 1971",1:50:00 PM,1:15840,305,B-003-FSR-71,093l03822,093L08,-126.4192,54.32436,No,https://openmaps.gov.bc.ca/thumbs/1971/bc7359/bc7359_191_thumb.jpg
bc7359,192,Film - BW,"Jul 26, 1971",1:50:00 PM,1:15840,305,B-003-FSR-71,093l03911,093L08,-126.3997,54.32461,No,https://openmaps.gov.bc.ca/thumbs/1971/bc7359/bc7359_192_thumb.jpg
bc7359,193,Film - BW,"Jul 26, 1971",1:50:00 PM,1:15840,305,B-003-FSR-71,093l03911,093L08,-126.3802,54.32485,No,https://openmaps.gov.bc.ca/thumbs/1971/bc7359/bc7359_193_thumb.jpg
bc7359,194,Film - BW,"Jul 26, 1971",1:50:00 PM,1:15840,305,B-003-FSR-71,093l03913,093L08,-126.3607,54.32509,No,https://openmaps.gov.bc.ca/thumbs/1971/bc7359/bc7359_194_thumb.jpg
bc7359,195,Film - BW,"Jul 26, 1971",1:50:00 PM,1:15840,305,B-003-FSR-71,093l03914,093L08,-126.3412,54.32533,No,https://openmaps.gov.bc.ca/thumbs/1971/bc7359/bc7359_195_thumb.jpg
bc7359,196,Film - BW,"Jul 26, 1971",1:50:00 PM,1:15840,305,B-003-FSR-71,093l03914,093L08,-126.3216,54.32556,No,https://openmaps.gov.bc.ca/thumbs/1971/bc7359/bc7359_196_thumb.jpg
bc7359,197,Film - BW,"Jul 26, 1971",1:50:00 PM,1:15840,305,B-003-FSR-71,093l03914,093L08,-126.302,54.32582,No,https://openmaps.gov.bc.ca/thumbs/1971/bc7359/bc7359_197_thumb.jpg
bc7359,198,Film - BW,"Jul 26, 1971",1:50:00 PM,1:15840,305,B-003-FSR-71,093l03921,093L08,-126.2583,54.30196,No,https://openmaps.gov.bc.ca/thumbs/1971/bc7359/bc7359_198_thumb.jpg
bc7359,199,Film - BW,"Jul 26, 1971",1:50:00 PM,1:15840,305,B-003-FSR-71,093l03921,093L08,-126.2795,54.30181,No,https://openmaps.gov.bc.ca/thumbs/1971/bc7359/bc7359_199_thumb.jpg
bc7359,200,Film - BW,"Jul 26, 1971",1:50:00 PM,1:15840,305,B-003-FSR-71,093l03912,093L08,-126.3003,54.30191,No,https://openmaps.gov.bc.ca/thumbs/1971/bc7359/bc7359_200_thumb.jpg
bc7359,201,Film - BW,"Jul 26, 1971",1:50:00 PM,1:15840,305,B-003-FSR-71,093l03912,093L08,-126.3211,54.302,No,https://openmaps.gov.bc.ca/thumbs/1971/bc7359/bc7359_201_thumb.jpg
bc7359,202,Film - BW,"Jul 26, 1971",1:50:00 PM,1:15840,305,B-003-FSR-71,093l03912,093L08,-126.3419,54.30209,No,https://openmaps.gov.bc.ca/thumbs/1971/bc7359/bc7359_202_thumb.jpg
bc7359,203,Film - BW,"Jul 26, 1971",1:50:00 PM,1:15840,305,B-003-FSR-71,093l03911,093L08,-126.3627,54.30219,No,https://openmaps.gov.bc.ca/thumbs/1971/bc7359/bc7359_203_thumb.jpg
bc7359,204,Film - BW,"Jul 26, 1971",1:50:00 PM,1:15840,305,B-003-FSR-71,093l03911,093L08,-126.3835,54.30227,No,https://openmaps.gov.bc.ca/thumbs/1971/bc7359/bc7359_204_thumb.jpg
bc7359,205,Film - BW,"Jul 26, 1971",1:50:00 PM,1:15840,305,B-003-FSR-71,093l03822,093L08,-126.4043,54.30235,No,https://openmaps.gov.bc.ca/thumbs/1971/bc7359/bc7359_205_thumb.jpg
bc7359,206,Film - BW,"Jul 26, 1971",1:50:00 PM,1:15840,305,B-003-FSR-71,093l03822,093L08,-126.4251,54.30243,No,https://openmaps.gov.bc.ca/thumbs/1971/bc7359/bc7359_206_thumb.jpg
bc7359,207,Film - BW,"Jul 26, 1971",1:50:00 PM,1:15840,305,B-003-FSR-71,093l03822,093L08,-126.4459,54.3025,No,https://openmaps.gov.bc.ca/thumbs/1971/bc7359/bc7359_207_thumb.jpg
bc7359,208,Film - BW,"Jul 26, 1971",1:50:00 PM,1:15840,305,B-003-FSR-71,093l03821,093L08,-126.4667,54.30257,No,https://openmaps.gov.bc.ca/thumbs/1971/bc7359/bc7359_208_thumb.jpg
bc7359,209,Film - BW,"Jul 26, 1971",1:50:00 PM,1:15840,305,B-003-FSR-71,093l03821,093L08,-126.4876,54.30264,No,https://openmaps.gov.bc.ca/thumbs/1971/bc7359/bc7359_209_thumb.jpg
bc7360,77,Film - BW,"Jul 26, 1971",1:59:00 PM,1:15840,305,B-003-FSR-71,093l02843,093L08,-126.4927,54.28147,No,https://openmaps.gov.bc.ca/thumbs/1971/bc7360/bc7360_077_thumb.jpg
bc7360,78,Film - BW,"Jul 26, 1971",1:59:00 PM,1:15840,305,B-003-FSR-71,093l02843,093L08,-126.4723,54.28139,No,https://openmaps.gov.bc.ca/thumbs/1971/bc7360/bc7360_078_thumb.jpg
bc7360,79,Film - BW,"Jul 26, 1971",1:59:00 PM,1:15840,305,B-003-FSR-71,093l02843,093L08,-126.4519,54.28131,No,https://openmaps.gov.bc.ca/thumbs/1971/bc7360/bc7360_079_thumb.jpg
bc7360,80,Film - BW,"Jul 26, 1971",1:59:00 PM,1:15840,305,B-003-FSR-71,093l02844,093L08,-126.4311,54.28132,No,https://openmaps.gov.bc.ca/thumbs/1971/bc7360/bc7360_080_thumb.jpg
bc7360,81,Film - BW,"Jul 26, 1971",1:59:00 PM,1:15840,305,B-003-FSR-71,093l02844,093L08,-126.412,54.2813,No,https://openmaps.gov.bc.ca/thumbs/1971/bc7360/bc7360_081_thumb.jpg
bc7360,82,Film - BW,"Jul 26, 1971",1:59:00 PM,1:15840,305,B-003-FSR-71,093l02933,093L08,-126.3928,54.28127,No,https://openmaps.gov.bc.ca/thumbs/1971/bc7360/bc7360_082_thumb.jpg
bc7360,83,Film - BW,"Jul 26, 1971",1:59:00 PM,1:15840,305,B-003-FSR-71,093l02933,093L08,-126.3736,54.28124,No,https://openmaps.gov.bc.ca/thumbs/1971/bc7360/bc7360_083_thumb.jpg
bc7360,84,Film - BW,"Jul 26, 1971",1:59:00 PM,1:15840,305,B-003-FSR-71,093l02933,093L08,-126.3545,54.28121,No,https://openmaps.gov.bc.ca/thumbs/1971/bc7360/bc7360_084_thumb.jpg
bc7360,85,Film - BW,"Jul 26, 1971",1:59:00 PM,1:15840,305,B-003-FSR-71,093l02934,093L08,-126.3353,54.28117,No,https://openmaps.gov.bc.ca/thumbs/1971/bc7360/bc7360_085_thumb.jpg
bc7360,86,Film - BW,"Jul 26, 1971",1:59:00 PM,1:15840,305,B-003-FSR-71,093l02934,093L08,-126.3161,54.28113,No,https://openmaps.gov.bc.ca/thumbs/1971/bc7360/bc7360_086_thumb.jpg
bc7360,87,Film - BW,"Jul 26, 1971",1:59:00 PM,1:15840,305,B-003-FSR-71,093l02943,093L08,-126.2969,54.28109,No,https://openmaps.gov.bc.ca/thumbs/1971/bc7360/bc7360_087_thumb.jpg
bc7360,88,Film - BW,"Jul 26, 1971",1:59:00 PM,1:15840,305,B-003-FSR-71,093l02943,093L08,-126.2777,54.28104,No,https://openmaps.gov.bc.ca/thumbs/1971/bc7360/bc7360_088_thumb.jpg
bc7360,89,Film - BW,"Jul 26, 1971",1:59:00 PM,1:15840,305,B-003-FSR-71,093l02942,093L08,-126.2319,54.2599,No,https://openmaps.gov.bc.ca/thumbs/1971/bc7360/bc7360_089_thumb.jpg
bc7360,90,Film - BW,"Jul 26, 1971",1:59:00 PM,1:15840,305,B-003-FSR-71,093l02941,093L08,-126.2521,54.25993,No,https://openmaps.gov.bc.ca/thumbs/1971/bc7360/bc7360_090_thumb.jpg
bc7360,91,Film - BW,"Jul 26, 1971",1:59:00 PM,1:15840,305,B-003-FSR-71,093l02941,093L08,-126.2718,54.25995,No,https://openmaps.gov.bc.ca/thumbs/1971/bc7360/bc7360_091_thumb.jpg
bc7360,92,Film - BW,"Jul 26, 1971",1:59:00 PM,1:15840,305,B-003-FSR-71,093l02941,093L08,-126.2915,54.25998,No,https://openmaps.gov.bc.ca/thumbs/1971/bc7360/bc7360_092_thumb.jpg
bc7360,93,Film - BW,"Jul 26, 1971",1:59:00 PM,1:15840,305,B-003-FSR-71,093l02932,093L08,-126.3112,54.25999,No,https://openmaps.gov.bc.ca/thumbs/1971/bc7360/bc7360_093_thumb.jpg
bc7360,94,Film - BW,"Jul 26, 1971",1:59:00 PM,1:15840,305,B-003-FSR-71,093l02932,093L08,-126.3309,54.26001,No,https://openmaps.gov.bc.ca/thumbs/1971/bc7360/bc7360_094_thumb.jpg
bc7360,95,Film - BW,"Jul 26, 1971",1:59:00 PM,1:15840,305,B-003-FSR-71,093l02931,093L08,-126.3506,54.26002,No,https://openmaps.gov.bc.ca/thumbs/1971/bc7360/bc7360_095_thumb.jpg
bc7360,96,Film - BW,"Jul 26, 1971",1:59:00 PM,1:15840,305,B-003-FSR-71,093l02931,093L08,-126.3704,54.26003,No,https://openmaps.gov.bc.ca/thumbs/1971/bc7360/bc7360_096_thumb.jpg
bc7360,97,Film - BW,"Jul 26, 1971",1:59:00 PM,1:15840,305,B-003-FSR-71,093l02931,093L08,-126.3901,54.26004,No,https://openmaps.gov.bc.ca/thumbs/1971/bc7360/bc7360_097_thumb.jpg
bc7360,98,Film - BW,"Jul 26, 1971",1:59:00 PM,1:15840,305,B-003-FSR-71,093l02842,093L08,-126.4098,54.26004,No,https://openmaps.gov.bc.ca/thumbs/1971/bc7360/bc7360_098_thumb.jpg
bc7360,99,Film - BW,"Jul 26, 1971",1:59:00 PM,1:15840,305,B-003-FSR-71,093l02842,093L08,-126.4295,54.26004,No,https://openmaps.gov.bc.ca/thumbs/1971/bc7360/bc7360_099_thumb.jpg
bc7360,100,Film - BW,"Jul 26, 1971",1:59:00 PM,1:15840,305,B-003-FSR-71,093l02842,093L08,-126.4492,54.26004,No,https://openmaps.gov.bc.ca/thumbs/1971/bc7360/bc7360_100_thumb.jpg
bc7360,101,Film - BW,"Jul 26, 1971",1:59:00 PM,1:15840,305,B-003-FSR-71,093l02841,093L08,-126.4689,54.26003,No,https://openmaps.gov.bc.ca/thumbs/1971/bc7360/bc7360_101_thumb.jpg
bc7360,102,Film - BW,"Jul 26, 1971",1:59:00 PM,1:15840,305,B-003-FSR-71,093l02841,093L08,-126.4887,54.26002,No,https://openmaps.gov.bc.ca/thumbs/1971/bc7360/bc7360_102_thumb.jpg
bc5337,200,Film - BW,"Jun 12, 1969",1:58:00 PM,1:16000,153,B-054-L-69,093l05022,093L08,-126.0085,54.40608,No,https://openmaps.gov.bc.ca/thumbs/1969/bc5337/bc5337_200_thumb.jpg
bc5281,91,Film - BW,"May 09, 1968",12:30:00 PM,1:31680,153,B-012-AF-68,093l03041,093L08,-126.0543,54.25345,No,https://openmaps.gov.bc.ca/thumbs/1968/bc5281/bc5281_091_thumb.jpg
bc5281,92,Film - BW,"May 09, 1968",12:30:00 PM,1:31680,153,B-012-AF-68,093l03043,093L08,-126.0549,54.27829,No,https://openmaps.gov.bc.ca/thumbs/1968/bc5281/bc5281_092_thumb.jpg
bc5281,93,Film - BW,"May 09, 1968",12:30:00 PM,1:31680,153,B-012-AF-68,093l04021,093L08,-126.0556,54.30313,No,https://openmaps.gov.bc.ca/thumbs/1968/bc5281/bc5281_093_thumb.jpg
bc5281,94,Film - BW,"May 09, 1968",12:30:00 PM,1:31680,153,B-012-AF-68,093l04023,093L08,-126.0562,54.32797,No,https://openmaps.gov.bc.ca/thumbs/1968/bc5281/bc5281_094_thumb.jpg
bc5281,95,Film - BW,"May 09, 1968",12:30:00 PM,1:31680,153,B-012-AF-68,093l04041,093L08,-126.0569,54.35282,No,https://openmaps.gov.bc.ca/thumbs/1968/bc5281/bc5281_095_thumb.jpg
bc5281,96,Film - BW,"May 09, 1968",12:30:00 PM,1:31680,153,B-012-AF-68,093l04043,093L08,-126.0575,54.37766,No,https://openmaps.gov.bc.ca/thumbs/1968/bc5281/bc5281_096_thumb.jpg
bc5281,97,Film - BW,"May 09, 1968",12:30:00 PM,1:31680,153,B-012-AF-68,093l05021,093L08,-126.0581,54.4025,No,https://openmaps.gov.bc.ca/thumbs/1968/bc5281/bc5281_097_thumb.jpg
bc5281,98,Film - BW,"May 09, 1968",12:30:00 PM,1:31680,153,B-012-AF-68,093l05023,093L08,-126.0588,54.42734,No,https://openmaps.gov.bc.ca/thumbs/1968/bc5281/bc5281_098_thumb.jpg
bc5281,99,Film - BW,"May 09, 1968",12:30:00 PM,1:31680,153,B-012-AF-68,093l05041,093L08,-126.0597,54.4517,No,https://openmaps.gov.bc.ca/thumbs/1968/bc5281/bc5281_099_thumb.jpg
bc5281,100,Film - BW,"May 09, 1968",12:30:00 PM,1:31680,153,B-012-AF-68,093l05043,093L08,-126.0607,54.47606,No,https://openmaps.gov.bc.ca/thumbs/1968/bc5281/bc5281_100_thumb.jpg
bc5282,209,Film - BW,"May 10, 1968",10:21:00 AM,1:12000,153,B-022-WR-68,093l04843,093L08,-126.4971,54.49597,No,https://openmaps.gov.bc.ca/thumbs/1968/bc5282/bc5282_209_thumb.jpg
bc5282,218,Film - BW,"May 10, 1968",10:28:00 AM,1:12000,153,B-022-WR-68,093l04844,093L08,-126.4488,54.49457,No,https://openmaps.gov.bc.ca/thumbs/1968/bc5282/bc5282_218_thumb.jpg
bc5282,219,Film - BW,"May 10, 1968",10:28:00 AM,1:12000,153,B-022-WR-68,093l04843,093L08,-126.4618,54.4885,No,https://openmaps.gov.bc.ca/thumbs/1968/bc5282/bc5282_219_thumb.jpg
bc5282,220,Film - BW,"May 10, 1968",10:28:00 AM,1:12000,153,B-022-WR-68,093l04843,093L08,-126.4748,54.48242,No,https://openmaps.gov.bc.ca/thumbs/1968/bc5282/bc5282_220_thumb.jpg
bc5282,221,Film - BW,"May 10, 1968",10:28:00 AM,1:12000,153,B-022-WR-68,093l04843,093L08,-126.4879,54.47635,No,https://openmaps.gov.bc.ca/thumbs/1968/bc5282/bc5282_221_thumb.jpg
bc5283,38,Film - BW,"May 10, 1968",10:57:00 AM,1:12000,153,B-022-WR-68,093l04943,093L08,-126.2893,54.49375,No,https://openmaps.gov.bc.ca/thumbs/1968/bc5283/bc5283_038_thumb.jpg
bc5283,39,Film - BW,"May 10, 1968",10:57:00 AM,1:12000,153,B-022-WR-68,093l04943,093L08,-126.28,54.48599,No,https://openmaps.gov.bc.ca/thumbs/1968/bc5283/bc5283_039_thumb.jpg
bc5283,40,Film - BW,"May 10, 1968",10:57:00 AM,1:12000,153,B-022-WR-68,093l04943,093L08,-126.2706,54.47824,No,https://openmaps.gov.bc.ca/thumbs/1968/bc5283/bc5283_040_thumb.jpg
bc5283,41,Film - BW,"May 10, 1968",10:57:00 AM,1:12000,153,B-022-WR-68,093l04941,093L08,-126.2613,54.47049,No,https://openmaps.gov.bc.ca/thumbs/1968/bc5283/bc5283_041_thumb.jpg
bc5283,42,Film - BW,"May 10, 1968",10:57:00 AM,1:12000,153,B-022-WR-68,093l04941,093L08,-126.2519,54.46274,No,https://openmaps.gov.bc.ca/thumbs/1968/bc5283/bc5283_042_thumb.jpg
bc5283,43,Film - BW,"May 10, 1968",10:57:00 AM,1:12000,153,B-022-WR-68,093l04942,093L08,-126.2425,54.45499,No,https://openmaps.gov.bc.ca/thumbs/1968/bc5283/bc5283_043_thumb.jpg
bc5283,44,Film - BW,"May 10, 1968",10:57:00 AM,1:12000,153,B-022-WR-68,093l04924,093L08,-126.2332,54.44723,No,https://openmaps.gov.bc.ca/thumbs/1968/bc5283/bc5283_044_thumb.jpg
bc5283,45,Film - BW,"May 10, 1968",10:57:00 AM,1:12000,153,B-022-WR-68,093l04924,093L08,-126.2238,54.43948,No,https://openmaps.gov.bc.ca/thumbs/1968/bc5283/bc5283_045_thumb.jpg
bc5283,46,Film - BW,"May 10, 1968",10:57:00 AM,1:12000,153,B-022-WR-68,093l04924,093L08,-126.2145,54.43173,No,https://openmaps.gov.bc.ca/thumbs/1968/bc5283/bc5283_046_thumb.jpg
bc5283,47,Film - BW,"May 10, 1968",10:57:00 AM,1:12000,153,B-022-WR-68,093l04922,093L08,-126.2056,54.42443,No,https://openmaps.gov.bc.ca/thumbs/1968/bc5283/bc5283_047_thumb.jpg
bc5283,48,Film - BW,"May 10, 1968",10:57:00 AM,1:12000,153,B-022-WR-68,093l05011,093L08,-126.1968,54.41712,No,https://openmaps.gov.bc.ca/thumbs/1968/bc5283/bc5283_048_thumb.jpg
bc5283,49,Film - BW,"May 10, 1968",10:57:00 AM,1:12000,153,B-022-WR-68,093l05011,093L08,-126.188,54.40982,No,https://openmaps.gov.bc.ca/thumbs/1968/bc5283/bc5283_049_thumb.jpg
bc5283,50,Film - BW,"May 10, 1968",10:57:00 AM,1:12000,153,B-022-WR-68,093l05011,093L08,-126.1792,54.40252,No,https://openmaps.gov.bc.ca/thumbs/1968/bc5283/bc5283_050_thumb.jpg
bc5283,51,Film - BW,"May 10, 1968",10:57:00 AM,1:12000,153,B-022-WR-68,093l04033,093L08,-126.1703,54.39522,No,https://openmaps.gov.bc.ca/thumbs/1968/bc5283/bc5283_051_thumb.jpg
bc5283,52,Film - BW,"May 10, 1968",10:57:00 AM,1:12000,153,B-022-WR-68,093l04033,093L08,-126.1615,54.38791,No,https://openmaps.gov.bc.ca/thumbs/1968/bc5283/bc5283_052_thumb.jpg
bc5283,53,Film - BW,"May 10, 1968",10:57:00 AM,1:12000,153,B-022-WR-68,093l04033,093L08,-126.1527,54.38061,No,https://openmaps.gov.bc.ca/thumbs/1968/bc5283/bc5283_053_thumb.jpg
bc5283,54,Film - BW,"May 10, 1968",10:57:00 AM,1:12000,153,B-022-WR-68,093l04032,093L08,-126.1439,54.37331,No,https://openmaps.gov.bc.ca/thumbs/1968/bc5283/bc5283_054_thumb.jpg
bc5283,55,Film - BW,"May 10, 1968",10:57:00 AM,1:12000,153,B-022-WR-68,093l04032,093L08,-126.135,54.366,No,https://openmaps.gov.bc.ca/thumbs/1968/bc5283/bc5283_055_thumb.jpg
bc5283,56,Film - BW,"May 10, 1968",11:02:00 AM,1:12000,153,B-022-WR-68,093l04032,093L08,-126.1262,54.3587,No,https://openmaps.gov.bc.ca/thumbs/1968/bc5283/bc5283_056_thumb.jpg
bc5283,57,Film - BW,"May 10, 1968",11:04:00 AM,1:12000,153,B-022-WR-68,093l04041,093L08,-126.0934,54.36664,No,https://openmaps.gov.bc.ca/thumbs/1968/bc5283/bc5283_057_thumb.jpg
bc5283,58,Film - BW,"May 10, 1968",11:04:00 AM,1:12000,153,B-022-WR-68,093l04032,093L08,-126.1026,54.37398,No,https://openmaps.gov.bc.ca/thumbs/1968/bc5283/bc5283_058_thumb.jpg
bc5283,59,Film - BW,"May 10, 1968",11:04:00 AM,1:12000,153,B-022-WR-68,093l04034,093L08,-126.1118,54.38132,No,https://openmaps.gov.bc.ca/thumbs/1968/bc5283/bc5283_059_thumb.jpg
bc5283,60,Film - BW,"May 10, 1968",11:04:00 AM,1:12000,153,B-022-WR-68,093l04034,093L08,-126.1211,54.38866,No,https://openmaps.gov.bc.ca/thumbs/1968/bc5283/bc5283_060_thumb.jpg
bc5283,61,Film - BW,"May 10, 1968",11:04:00 AM,1:12000,153,B-022-WR-68,093l04034,093L08,-126.1303,54.39599,No,https://openmaps.gov.bc.ca/thumbs/1968/bc5283/bc5283_061_thumb.jpg
bc5283,62,Film - BW,"May 10, 1968",11:04:00 AM,1:12000,153,B-022-WR-68,093l05012,093L08,-126.1396,54.40333,No,https://openmaps.gov.bc.ca/thumbs/1968/bc5283/bc5283_062_thumb.jpg
bc5283,63,Film - BW,"May 10, 1968",11:04:00 AM,1:12000,153,B-022-WR-68,093l05012,093L08,-126.1488,54.41067,No,https://openmaps.gov.bc.ca/thumbs/1968/bc5283/bc5283_063_thumb.jpg
bc5283,64,Film - BW,"May 10, 1968",11:04:00 AM,1:12000,153,B-022-WR-68,093l05011,093L08,-126.158,54.41801,No,https://openmaps.gov.bc.ca/thumbs/1968/bc5283/bc5283_064_thumb.jpg
bc5283,65,Film - BW,"May 10, 1968",11:04:00 AM,1:12000,153,B-022-WR-68,093l05013,093L08,-126.1673,54.42534,No,https://openmaps.gov.bc.ca/thumbs/1968/bc5283/bc5283_065_thumb.jpg
bc5283,66,Film - BW,"May 10, 1968",11:04:00 AM,1:12000,153,B-022-WR-68,093l05013,093L08,-126.1765,54.43268,No,https://openmaps.gov.bc.ca/thumbs/1968/bc5283/bc5283_066_thumb.jpg
bc5283,67,Film - BW,"May 10, 1968",11:04:00 AM,1:12000,153,B-022-WR-68,093l05013,093L08,-126.1858,54.44002,No,https://openmaps.gov.bc.ca/thumbs/1968/bc5283/bc5283_067_thumb.jpg
bc5283,68,Film - BW,"May 10, 1968",11:04:00 AM,1:12000,153,B-022-WR-68,093l05013,093L08,-126.1935,54.44676,No,https://openmaps.gov.bc.ca/thumbs/1968/bc5283/bc5283_068_thumb.jpg
bc5283,69,Film - BW,"May 10, 1968",11:04:00 AM,1:12000,153,B-022-WR-68,093l04942,093L08,-126.2012,54.4535,No,https://openmaps.gov.bc.ca/thumbs/1968/bc5283/bc5283_069_thumb.jpg
bc5283,70,Film - BW,"May 10, 1968",11:04:00 AM,1:12000,153,B-022-WR-68,093l04942,093L08,-126.2089,54.46025,No,https://openmaps.gov.bc.ca/thumbs/1968/bc5283/bc5283_070_thumb.jpg
bc5283,71,Film - BW,"May 10, 1968",11:04:00 AM,1:12000,153,B-022-WR-68,093l04942,093L08,-126.2167,54.46699,No,https://openmaps.gov.bc.ca/thumbs/1968/bc5283/bc5283_071_thumb.jpg
bc5283,72,Film - BW,"May 10, 1968",11:04:00 AM,1:12000,153,B-022-WR-68,093l04942,093L08,-126.2244,54.47373,No,https://openmaps.gov.bc.ca/thumbs/1968/bc5283/bc5283_072_thumb.jpg
bc5283,73,Film - BW,"May 10, 1968",11:04:00 AM,1:12000,153,B-022-WR-68,093l04944,093L08,-126.2321,54.48047,No,https://openmaps.gov.bc.ca/thumbs/1968/bc5283/bc5283_073_thumb.jpg
bc5283,74,Film - BW,"May 10, 1968",11:04:00 AM,1:12000,153,B-022-WR-68,093l04944,093L08,-126.2398,54.48722,No,https://openmaps.gov.bc.ca/thumbs/1968/bc5283/bc5283_074_thumb.jpg
bc5283,75,Film - BW,"May 10, 1968",11:04:00 AM,1:12000,153,B-022-WR-68,093l04944,093L08,-126.2475,54.49396,No,https://openmaps.gov.bc.ca/thumbs/1968/bc5283/bc5283_075_thumb.jpg
bc5296,183,Film - BW,"Jul 24, 1968",8:33:00 AM,1:31680,153,B-012-AF-68,093l03032,093L08,-126.1283,54.26102,No,https://openmaps.gov.bc.ca/thumbs/1968/bc5296/bc5296_183_thumb.jpg
bc5296,184,Film - BW,"Jul 24, 1968",8:33:00 AM,1:31680,153,B-012-AF-68,093l03034,093L08,-126.1294,54.28937,No,https://openmaps.gov.bc.ca/thumbs/1968/bc5296/bc5296_184_thumb.jpg
bc5296,185,Film - BW,"Jul 24, 1968",8:33:00 AM,1:31680,153,B-012-AF-68,093l04012,093L08,-126.1305,54.31772,No,https://openmaps.gov.bc.ca/thumbs/1968/bc5296/bc5296_185_thumb.jpg
bc5296,186,Film - BW,"Jul 24, 1968",8:33:00 AM,1:31680,153,B-012-AF-68,093l04014,093L08,-126.1317,54.34606,No,https://openmaps.gov.bc.ca/thumbs/1968/bc5296/bc5296_186_thumb.jpg
bc5296,187,Film - BW,"Jul 24, 1968",8:33:00 AM,1:31680,153,B-012-AF-68,093l04032,093L08,-126.1328,54.37441,No,https://openmaps.gov.bc.ca/thumbs/1968/bc5296/bc5296_187_thumb.jpg
bc5296,188,Film - BW,"Jul 24, 1968",8:33:00 AM,1:31680,153,B-012-AF-68,093l05012,093L08,-126.1339,54.40276,No,https://openmaps.gov.bc.ca/thumbs/1968/bc5296/bc5296_188_thumb.jpg
bc5296,189,Film - BW,"Jul 24, 1968",8:33:00 AM,1:31680,153,B-012-AF-68,093l05014,093L08,-126.135,54.43111,No,https://openmaps.gov.bc.ca/thumbs/1968/bc5296/bc5296_189_thumb.jpg
bc5296,190,Film - BW,"Jul 24, 1968",8:33:00 AM,1:31680,153,B-012-AF-68,093l05032,093L08,-126.1362,54.45612,No,https://openmaps.gov.bc.ca/thumbs/1968/bc5296/bc5296_190_thumb.jpg
bc5296,191,Film - BW,"Jul 24, 1968",8:33:00 AM,1:31680,153,B-012-AF-68,093l05034,093L08,-126.1374,54.48113,No,https://openmaps.gov.bc.ca/thumbs/1968/bc5296/bc5296_191_thumb.jpg
bc5296,233,Film - BW,"Jul 24, 1968",9:01:00 AM,1:31680,153,B-012-AF-68,093l04944,093L08,-126.2137,54.49618,No,https://openmaps.gov.bc.ca/thumbs/1968/bc5296/bc5296_233_thumb.jpg
bc5296,234,Film - BW,"Jul 24, 1968",9:01:00 AM,1:31680,153,B-012-AF-68,093l04942,093L08,-126.2132,54.46863,No,https://openmaps.gov.bc.ca/thumbs/1968/bc5296/bc5296_234_thumb.jpg
bc5296,235,Film - BW,"Jul 24, 1968",9:01:00 AM,1:31680,153,B-012-AF-68,093l04924,093L08,-126.2127,54.44108,No,https://openmaps.gov.bc.ca/thumbs/1968/bc5296/bc5296_235_thumb.jpg
bc5296,236,Film - BW,"Jul 24, 1968",9:01:00 AM,1:31680,153,B-012-AF-68,093l04922,093L08,-126.2122,54.41353,No,https://openmaps.gov.bc.ca/thumbs/1968/bc5296/bc5296_236_thumb.jpg
bc5296,237,Film - BW,"Jul 24, 1968",9:01:00 AM,1:31680,153,B-012-AF-68,093l03944,093L08,-126.2121,54.3901,No,https://openmaps.gov.bc.ca/thumbs/1968/bc5296/bc5296_237_thumb.jpg
bc5296,238,Film - BW,"Jul 24, 1968",9:01:00 AM,1:31680,153,B-012-AF-68,093l03942,093L08,-126.212,54.36667,No,https://openmaps.gov.bc.ca/thumbs/1968/bc5296/bc5296_238_thumb.jpg
bc5296,239,Film - BW,"Jul 24, 1968",9:01:00 AM,1:31680,153,B-012-AF-68,093l03924,093L08,-126.2118,54.34324,No,https://openmaps.gov.bc.ca/thumbs/1968/bc5296/bc5296_239_thumb.jpg
bc5296,240,Film - BW,"Jul 24, 1968",9:01:00 AM,1:31680,153,B-012-AF-68,093l03922,093L08,-126.2117,54.31981,No,https://openmaps.gov.bc.ca/thumbs/1968/bc5296/bc5296_240_thumb.jpg
bc5296,241,Film - BW,"Jul 24, 1968",9:01:00 AM,1:31680,153,B-012-AF-68,093l02944,093L08,-126.2115,54.29638,No,https://openmaps.gov.bc.ca/thumbs/1968/bc5296/bc5296_241_thumb.jpg
bc5300,116,Film - BW,"Jul 31, 1968",9:05:00 AM,1:31680,153,B-012-AF-68,093l04013,093L08,-126.1957,54.33727,No,https://openmaps.gov.bc.ca/thumbs/1968/bc5300/bc5300_116_thumb.jpg
bc5300,117,Film - BW,"Jul 31, 1968",9:05:00 AM,1:31680,153,B-012-AF-68,093l04011,093L08,-126.199,54.31053,No,https://openmaps.gov.bc.ca/thumbs/1968/bc5300/bc5300_117_thumb.jpg
bc5300,118,Film - BW,"Jul 31, 1968",9:05:00 AM,1:31680,153,B-012-AF-68,093l02944,093L08,-126.2023,54.28379,No,https://openmaps.gov.bc.ca/thumbs/1968/bc5300/bc5300_118_thumb.jpg
bc5300,119,Film - BW,"Jul 31, 1968",9:05:00 AM,1:31680,153,B-012-AF-68,093l02942,093L08,-126.2056,54.25704,No,https://openmaps.gov.bc.ca/thumbs/1968/bc5300/bc5300_119_thumb.jpg
bc5300,143,Film - BW,"Jul 31, 1968",9:18:00 AM,1:31680,153,B-012-AF-68,093l02941,093L08,-126.2873,54.25594,No,https://openmaps.gov.bc.ca/thumbs/1968/bc5300/bc5300_143_thumb.jpg
bc5300,144,Film - BW,"Jul 31, 1968",9:18:00 AM,1:31680,153,B-012-AF-68,093l02943,093L08,-126.2882,54.28242,No,https://openmaps.gov.bc.ca/thumbs/1968/bc5300/bc5300_144_thumb.jpg
bc5300,145,Film - BW,"Jul 31, 1968",9:18:00 AM,1:31680,153,B-012-AF-68,093l03921,093L08,-126.2891,54.3089,No,https://openmaps.gov.bc.ca/thumbs/1968/bc5300/bc5300_145_thumb.jpg
bc5300,146,Film - BW,"Jul 31, 1968",9:18:00 AM,1:31680,153,B-012-AF-68,093l03923,093L08,-126.2899,54.33538,No,https://openmaps.gov.bc.ca/thumbs/1968/bc5300/bc5300_146_thumb.jpg
bc5300,147,Film - BW,"Jul 31, 1968",9:18:00 AM,1:31680,153,B-012-AF-68,093l03941,093L08,-126.2908,54.36186,No,https://openmaps.gov.bc.ca/thumbs/1968/bc5300/bc5300_147_thumb.jpg
bc5300,148,Film - BW,"Jul 31, 1968",9:18:00 AM,1:31680,153,B-012-AF-68,093l03943,093L08,-126.2916,54.38834,No,https://openmaps.gov.bc.ca/thumbs/1968/bc5300/bc5300_148_thumb.jpg
bc5300,149,Film - BW,"Jul 31, 1968",9:18:00 AM,1:31680,153,B-012-AF-68,093l04921,093L08,-126.2925,54.41482,No,https://openmaps.gov.bc.ca/thumbs/1968/bc5300/bc5300_149_thumb.jpg
bc5300,150,Film - BW,"Jul 31, 1968",9:18:00 AM,1:31680,153,B-012-AF-68,093l04923,093L08,-126.2934,54.4413,No,https://openmaps.gov.bc.ca/thumbs/1968/bc5300/bc5300_150_thumb.jpg
bc5300,151,Film - BW,"Jul 31, 1968",9:18:00 AM,1:31680,153,B-012-AF-68,093l04941,093L08,-126.2937,54.46831,No,https://openmaps.gov.bc.ca/thumbs/1968/bc5300/bc5300_151_thumb.jpg
bc5300,152,Film - BW,"Jul 31, 1968",9:18:00 AM,1:31680,153,B-012-AF-68,093l04943,093L08,-126.2941,54.49532,No,https://openmaps.gov.bc.ca/thumbs/1968/bc5300/bc5300_152_thumb.jpg
bc5300,198,Film - BW,"Jul 31, 1968",9:50:00 AM,1:31680,153,B-012-AF-68,093l04931,093L08,-126.3718,54.47481,No,https://openmaps.gov.bc.ca/thumbs/1968/bc5300/bc5300_198_thumb.jpg
bc5300,199,Film - BW,"Jul 31, 1968",9:50:00 AM,1:31680,153,B-012-AF-68,093l04913,093L08,-126.3713,54.44911,No,https://openmaps.gov.bc.ca/thumbs/1968/bc5300/bc5300_199_thumb.jpg
bc5300,200,Film - BW,"Jul 31, 1968",9:50:00 AM,1:31680,153,B-012-AF-68,093l04911,093L08,-126.3708,54.42341,No,https://openmaps.gov.bc.ca/thumbs/1968/bc5300/bc5300_200_thumb.jpg
bc5300,201,Film - BW,"Jul 31, 1968",9:50:00 AM,1:31680,153,B-012-AF-68,093l03933,093L08,-126.3704,54.39771,No,https://openmaps.gov.bc.ca/thumbs/1968/bc5300/bc5300_201_thumb.jpg
bc5300,202,Film - BW,"Jul 31, 1968",9:50:00 AM,1:31680,153,B-012-AF-68,093l03931,093L08,-126.3699,54.37355,No,https://openmaps.gov.bc.ca/thumbs/1968/bc5300/bc5300_202_thumb.jpg
bc5300,203,Film - BW,"Jul 31, 1968",9:50:00 AM,1:31680,153,B-012-AF-68,093l03913,093L08,-126.3693,54.3494,No,https://openmaps.gov.bc.ca/thumbs/1968/bc5300/bc5300_203_thumb.jpg
bc5300,204,Film - BW,"Jul 31, 1968",9:50:00 AM,1:31680,153,B-012-AF-68,093l03913,093L08,-126.3688,54.32524,No,https://openmaps.gov.bc.ca/thumbs/1968/bc5300/bc5300_204_thumb.jpg
bc5300,205,Film - BW,"Jul 31, 1968",9:50:00 AM,1:31680,153,B-012-AF-68,093l03911,093L08,-126.3683,54.30108,No,https://openmaps.gov.bc.ca/thumbs/1968/bc5300/bc5300_205_thumb.jpg
bc5300,206,Film - BW,"Jul 31, 1968",9:50:00 AM,1:31680,153,B-012-AF-68,093l02933,093L08,-126.3678,54.27693,No,https://openmaps.gov.bc.ca/thumbs/1968/bc5300/bc5300_206_thumb.jpg
bc5300,207,Film - BW,"Jul 31, 1968",9:50:00 AM,1:31680,153,B-012-AF-68,093l02931,093L08,-126.3673,54.25277,No,https://openmaps.gov.bc.ca/thumbs/1968/bc5300/bc5300_207_thumb.jpg
bc5300,230,Film - BW,"Jul 31, 1968",10:20:00 AM,1:31680,153,B-012-AF-68,093l02842,093L08,-126.445,54.25923,No,https://openmaps.gov.bc.ca/thumbs/1968/bc5300/bc5300_230_thumb.jpg
bc5300,231,Film - BW,"Jul 31, 1968",10:20:00 AM,1:31680,153,B-012-AF-68,093l02844,093L08,-126.4457,54.28522,No,https://openmaps.gov.bc.ca/thumbs/1968/bc5300/bc5300_231_thumb.jpg
bc5300,232,Film - BW,"Jul 31, 1968",10:20:00 AM,1:31680,153,B-012-AF-68,093l03822,093L08,-126.4463,54.31121,No,https://openmaps.gov.bc.ca/thumbs/1968/bc5300/bc5300_232_thumb.jpg
bc5300,233,Film - BW,"Jul 31, 1968",10:20:00 AM,1:31680,153,B-012-AF-68,093l03824,093L08,-126.447,54.33721,No,https://openmaps.gov.bc.ca/thumbs/1968/bc5300/bc5300_233_thumb.jpg
bc5300,234,Film - BW,"Jul 31, 1968",10:20:00 AM,1:31680,153,B-012-AF-68,093l03842,093L08,-126.4476,54.3632,No,https://openmaps.gov.bc.ca/thumbs/1968/bc5300/bc5300_234_thumb.jpg
bc5300,235,Film - BW,"Jul 31, 1968",10:20:00 AM,1:31680,153,B-012-AF-68,093l03844,093L08,-126.4483,54.3892,No,https://openmaps.gov.bc.ca/thumbs/1968/bc5300/bc5300_235_thumb.jpg
bc5300,236,Film - BW,"Jul 31, 1968",10:20:00 AM,1:31680,153,B-012-AF-68,093l04822,093L08,-126.449,54.41519,No,https://openmaps.gov.bc.ca/thumbs/1968/bc5300/bc5300_236_thumb.jpg
bc5300,237,Film - BW,"Jul 31, 1968",10:20:00 AM,1:31680,153,B-012-AF-68,093l04824,093L08,-126.4491,54.43907,No,https://openmaps.gov.bc.ca/thumbs/1968/bc5300/bc5300_237_thumb.jpg
bc5300,238,Film - BW,"Jul 31, 1968",10:20:00 AM,1:31680,153,B-012-AF-68,093l04842,093L08,-126.4492,54.46295,No,https://openmaps.gov.bc.ca/thumbs/1968/bc5300/bc5300_238_thumb.jpg
bc5300,239,Film - BW,"Jul 31, 1968",10:20:00 AM,1:31680,153,B-012-AF-68,093l04844,093L08,-126.4494,54.48683,No,https://openmaps.gov.bc.ca/thumbs/1968/bc5300/bc5300_239_thumb.jpg
